genome,completeness,contamination,length,N50,centrality
public_SRR12240174_concoct_bin.2.fa,86.47,0.0,,,0.0
public_SRR12240174_metabat2_bin.2.fa,88.35,0.0,28371132.0,15531.0,0.956579565
public_SRR12240180_metabat2_bin.6.fa,69.92,0.0,,,0.0
public_SRR12240180_concoct_bin.4.fa,91.73,1.88,31492074.0,145927.0,0.956086883
public_SRR12240182_concoct_bin.8.fa,99.62,0.0,,,0.0
public_SRR12240182_metabat2_bin.7.fa,100.0,0.0,31599184.0,198594.0,0.0
public_SRR12240185_metabat2_bin.3.fa,90.6,0.38,,,0.0
public_SRR12240185_concoct_bin.1.fa,97.37,1.5,34534459.0,107703.0,0.0
public_SRR12240183_concoct_bin.2.fa,97.74,0.0,,,0.0
public_SRR12240183_metabat2_bin.10.fa,99.62,0.0,34488242.0,82322.0,0.0
public_SRR11456913_metabat2_bin.21.fa,80.08,1.5,,,0.0
public_SRR11456913_concoct_bin.13.fa,88.35,1.88,43163750.0,22249.0,0.95336723
public_SRR11456914_metabat2_bin.1.fa,52.63,0.0,,,0.0
public_SRR11456914_concoct_bin.61.fa,72.18,0.75,,,0.0
public_SRR11456914_metabat2_merged.0.fa,96.99,0.75,,,0.0
public_SRR11456914_concoct_merged.0.fa,98.87,0.75,72131769.0,44803.0,0.0
public_SRR11456915_concoct_bin.14.fa,82.33,2.63,,,0.0
public_SRR11456915_metabat2_bin.17.fa,82.33,2.26,,,0.0
public_SRR11456915_concoct_bin.5.fa,91.49,4.26,47368747.0,209883.0,0.0
public_SRR11456915_metabat2_bin.13.fa,91.49,4.26,,,0.0
public_SRR11456915_concoct_merged.0.fa,93.23,3.76,,,0.0
public_SRR11456915_metabat2_merged.0.fa,95.86,3.38,88820417.0,23392.0,0.9517972
public_SRR11456917_metabat2_bin.6.fa,75.19,0.38,,,0.0
public_SRR11456917_metabat2_merged.0.fa,98.87,0.38,82784608.0,24562.0,0.0
public_SRR11456919_concoct_bin.12.fa,56.77,0.38,,,0.0
public_SRR11456919_concoct_merged.1.fa,73.31,1.13,,,0.0
public_SRR11456919_concoct_merged.0.fa,83.08,0.75,,,0.0
public_SRR11456919_concoct_bin.22.fa,97.87,2.13,48121382.0,215642.0,0.0
public_SRR11456919_metabat2_bin.2.fa,97.87,2.13,,,0.0
public_SRR11456919_metabat2_bin.15.fa,99.25,1.5,93724474.0,50471.0,0.0
public_SRR11456921_metabat2_bin.45.fa,50.0,0.0,,,0.0
public_SRR11456921_concoct_bin.56.fa,66.54,0.75,,,0.0
public_SRR11456921_concoct_merged.1.fa,77.07,0.75,,,0.0
public_SRR11456921_concoct_merged.0.fa,86.47,1.13,62580533.0,88639.0,0.9810759
public_SRR11456921_metabat2_merged.0.fa,98.5,1.13,98573368.0,95171.0,0.9810884
public_SRR7232214_metabat2_bin.4.fa,63.0,0.0,,,0.0
public_SRR7232214_concoct_bin.7.fa,80.0,0.0,18330858.0,11408.0,0.98306465
public_SRR7232214_metabat2_bin.9.fa,80.45,0.0,,,0.0
public_SRR7232214_metabat2_bin.15.fa,84.0,4.4,,,0.0
public_SRR7232214_concoct_bin.9.fa,89.4,4.6,55709528.0,21167.0,0.0
public_SRR7232214_concoct_bin.6.fa,93.98,0.0,30085495.0,35032.0,0.9646966333333333
public_SRR7232213_metabat2_bin.7.fa,85.8,3.8,,,0.0
public_SRR7232213_metabat2_bin.6.fa,87.97,0.0,,,0.0
public_SRR7232213_concoct_bin.0.fa,88.4,3.8,55330623.0,22930.0,0.0
public_SRR7232213_concoct_bin.1.fa,98.5,0.38,31416443.0,97595.0,0.9587675666666667
public_SRR7232212_metabat2_bin.1.fa,60.6,0.2,,,0.0
public_SRR7232212_concoct_bin.5.fa,63.8,0.2,16344065.0,6289.0,0.9828856
public_SRR7232212_metabat2_bin.6.fa,85.0,3.8,,,0.0
public_SRR7232212_concoct_bin.0.fa,86.4,3.8,55496273.0,18699.0,0.0
public_SRR7232212_concoct_bin.3.fa,90.98,0.0,,,0.0
public_SRR7232212_metabat2_bin.5.fa,92.86,0.0,29040754.0,74047.0,0.9614192666666667
public_SRR7232212_metabat2_bin.7.fa,93.94,0.0,,,0.0
public_SRR7232212_concoct_bin.12.fa,95.45,0.0,16983982.0,21918.0,0.0
public_SRR7232211_metabat2_bin.11.fa,71.43,0.0,,,0.0
public_SRR7232211_metabat2_bin.1.fa,92.6,4.0,,,0.0
public_SRR7232211_concoct_bin.8.fa,94.6,4.0,58668785.0,32139.0,0.0
public_SRR7232211_concoct_bin.3.fa,97.37,0.0,32307886.0,143409.0,0.96136535
public_SRR5808930_concoct_bin.25.fa,99.25,0.0,,,0.0
public_SRR5808930_metabat2_bin.9.fa,99.25,0.0,36310671.0,51237.0,0.0
public_SRR5808932_concoct_bin.11.fa,81.2,2.6,,,0.0
public_SRR5808932_metabat2_bin.2.fa,87.0,3.2,53955646.0,11607.0,0.0
public_SRR5808932_concoct_bin.35.fa,96.99,0.0,29971438.0,38452.0,0.0
public_SRR13685140_concoct_bin.10.fa,87.59,0.0,,,0.0
public_SRR13685140_metabat2_bin.1.fa,90.23,0.0,22898054.0,22243.0,0.0
public_SRR13685154_concoct_bin.19.fa,98.5,0.0,,,0.0
public_SRR13685154_metabat2_bin.1.fa,98.87,0.0,24216959.0,70679.0,0.99174994
public_SRR13685157_metabat2_bin.1.fa,65.79,0.0,18336835.0,5166.0,0.9914828
public_SRR13685158_concoct_bin.29.fa,73.68,0.0,,,0.0
public_SRR13685158_metabat2_bin.1.fa,85.34,0.0,,,0.0
public_SRR13685158_concoct_merged.0.fa,87.59,0.0,30235036.0,14530.0,0.99722934
public_SRR13685159_concoct_bin.18.fa,87.23,0.0,,,0.0
public_SRR13685159_metabat2_bin.2.fa,95.74,0.0,,,0.0
public_SRR13685159_concoct_merged.0.fa,97.87,0.0,45368639.0,16423.0,0.0
public_SRR13685161_concoct_bin.23.fa,85.71,0.0,,,0.0
public_SRR13685161_metabat2_bin.1.fa,90.6,0.0,30709641.0,15416.0,0.96251184
public_SRR13685162_concoct_bin.22.fa,84.96,0.0,,,0.0
public_SRR13685162_metabat2_bin.2.fa,90.23,0.0,30437628.0,10587.0,0.0
public_SRR13685164_concoct_bin.7.fa,89.47,0.0,29939518.0,16941.0,0.0
public_SRR13685165_concoct_bin.23.fa,86.09,0.0,,,0.0
public_SRR13685165_metabat2_bin.3.fa,91.73,0.0,31243966.0,13859.0,0.0
public_SRR14721922_concoct_bin.16.fa,92.48,0.38,,,0.0
public_SRR14721922_metabat2_bin.4.fa,93.61,0.0,30284861.0,18887.0,0.0
public_SRR14721923_concoct_bin.10.fa,84.59,0.0,,,0.0
public_SRR14721923_metabat2_bin.2.fa,88.72,0.0,29526551.0,20211.0,0.9979201
public_SRR14721925_metabat2_bin.1.fa,93.61,0.38,,,0.0
public_SRR14721925_concoct_bin.8.fa,93.98,0.38,30094932.0,20322.0,0.97152865
public_SRR14721926_concoct_bin.4.fa,93.23,0.38,,,0.0
public_SRR14721926_metabat2_bin.3.fa,93.98,0.38,32290860.0,34095.0,0.0
public_SRR14721927_concoct_bin.27.fa,89.85,0.0,,,0.0
public_SRR14721927_metabat2_bin.2.fa,94.36,0.0,33215599.0,16022.0,0.0
public_SRR14721929_metabat2_bin.14.fa,56.77,0.0,,,0.0
public_SRR14721929_concoct_bin.20.fa,61.65,0.0,12174069.0,4056.0,0.0
public_SRR14721929_concoct_bin.34.fa,92.86,0.0,,,0.0
public_SRR14721929_metabat2_bin.13.fa,93.23,0.0,32096707.0,33051.0,0.0
public_SRR14721931_concoct_bin.40.fa,73.31,0.38,,,0.0
public_SRR14721931_metabat2_bin.1.fa,82.71,0.75,,,0.0
public_SRR14721931_concoct_merged.0.fa,84.96,0.75,27913223.0,7260.0,0.9817916
public_SRR14721932_concoct_bin.34.fa,85.71,0.0,28320957.0,23858.0,0.0
public_SRR14721933_concoct_bin.19.fa,94.36,0.0,,,0.0
public_SRR14721933_metabat2_bin.1.fa,96.24,0.0,28341076.0,27016.0,0.0
public_SRR14721935_concoct_bin.9.fa,89.1,0.38,,,0.0
public_SRR14721935_metabat2_bin.5.fa,91.35,0.38,30687529.0,13019.0,0.0
public_SRR14721936_concoct_bin.5.fa,55.64,0.0,,,0.0
public_SRR14721936_metabat2_bin.2.fa,72.18,0.75,,,0.0
public_SRR14721936_concoct_merged.0.fa,73.68,0.75,23152140.0,6077.0,0.0
public_SRR14721937_concoct_bin.4.fa,96.62,0.75,,,0.0
public_SRR14721937_metabat2_bin.4.fa,97.37,0.38,25566584.0,21316.0,0.9786868
public_SRR14721939_concoct_bin.37.fa,60.9,0.38,,,0.0
public_SRR14721939_metabat2_bin.6.fa,77.44,0.38,,,0.0
public_SRR14721939_concoct_merged.0.fa,81.2,0.38,24980457.0,6321.0,0.0
public_SRR14721941_metabat2_bin.7.fa,84.59,0.38,,,0.0
public_SRR14721941_concoct_bin.5.fa,86.84,0.38,26374195.0,14753.0,0.0
public_SRR14721942_concoct_bin.37.fa,87.22,0.0,,,0.0
public_SRR14721942_metabat2_bin.2.fa,95.49,0.0,32030579.0,17403.0,0.0
public_SRR14721943_concoct_bin.38.fa,90.23,0.0,,,0.0
public_SRR14721943_metabat2_bin.1.fa,93.61,0.0,31682591.0,15124.0,0.9622523700000001
public_SRR14721944_concoct_bin.30.fa,57.89,0.38,,,0.0
public_SRR14721944_metabat2_bin.4.fa,73.31,0.75,,,0.0
public_SRR14721944_concoct_merged.0.fa,75.19,0.75,21879680.0,5543.0,0.0
public_SRR14721945_concoct_bin.7.fa,88.72,1.88,,,0.0
public_SRR14721945_metabat2_bin.3.fa,92.11,1.88,24855828.0,16480.0,0.98509973
public_SRR14721946_concoct_bin.4.fa,80.45,0.0,,,0.0
public_SRR14721946_metabat2_bin.2.fa,89.85,0.0,24216471.0,17039.0,0.0
public_SRR14721947_concoct_bin.8.fa,91.35,0.0,,,0.0
public_SRR14721947_metabat2_bin.6.fa,93.98,0.0,31983833.0,19141.0,0.0
public_SRR14721948_concoct_bin.11.fa,83.83,0.0,,,0.0
public_SRR14721948_metabat2_bin.3.fa,90.23,0.38,,,0.0
public_SRR14721948_concoct_merged.0.fa,93.98,0.38,29695316.0,13599.0,0.0
public_SRR14721949_metabat2_bin.6.fa,86.84,0.38,,,0.0
public_SRR14721949_concoct_bin.4.fa,89.1,0.38,28100536.0,20570.0,0.9719471
public_SRR14721950_concoct_bin.6.fa,79.32,0.0,,,0.0
public_SRR14721950_metabat2_bin.6.fa,90.98,0.0,20843906.0,19323.0,0.0
public_SRR14721952_concoct_bin.6.fa,74.44,0.0,,,0.0
public_SRR14721952_metabat2_bin.4.fa,84.96,0.0,,,0.0
public_SRR14721952_concoct_merged.0.fa,86.47,0.0,29208772.0,11006.0,0.0
public_SRR14721953_concoct_bin.46.fa,57.14,0.0,16849686.0,4150.0,0.0
public_SRR14721953_metabat2_bin.3.fa,57.89,0.38,,,0.0
public_SRR14721954_concoct_bin.1.fa,76.69,0.0,,,0.0
public_SRR14721954_metabat2_bin.3.fa,80.83,0.0,21050370.0,6097.0,0.0
public_SRR14721956_concoct_bin.12.fa,86.84,0.0,,,0.0
public_SRR14721956_metabat2_bin.3.fa,90.23,0.38,31212012.0,10496.0,0.0
public_SRR14721957_concoct_bin.9.fa,68.42,0.75,,,0.0
public_SRR14721957_metabat2_bin.1.fa,72.93,1.13,13010775.0,5242.0,0.0
public_SRR14721959_concoct_bin.33.fa,84.21,0.38,,,0.0
public_SRR14721959_metabat2_bin.2.fa,91.73,0.38,18791956.0,18717.0,0.0
public_SRR14721960_concoct_bin.24.fa,90.23,0.0,,,0.0
public_SRR14721960_metabat2_bin.2.fa,92.86,0.0,24608064.0,15335.0,0.99205804
public_SRR14721961_metabat2_bin.5.fa,54.14,0.38,,,0.0
public_SRR14721961_concoct_bin.1.fa,56.77,0.38,14050256.0,3620.0,0.9779549
public_SRR14721962_concoct_bin.19.fa,70.3,0.38,,,0.0
public_SRR14721962_metabat2_bin.6.fa,77.07,0.38,22076511.0,14023.0,0.0
public_SRR14721962_concoct_merged.0.fa,81.58,2.26,,,0.0
public_SRR14721964_concoct_bin.5.fa,90.23,1.13,,,0.0
public_SRR14721964_metabat2_bin.3.fa,92.86,1.13,25555617.0,15344.0,0.0
public_SRR14721965_concoct_bin.25.fa,85.34,0.0,,,0.0
public_SRR14721965_metabat2_bin.1.fa,90.6,0.0,29021755.0,17279.0,0.9572309999999999
public_SRR14721966_concoct_bin.9.fa,92.48,0.0,,,0.0
public_SRR14721966_metabat2_bin.6.fa,93.98,0.0,23364708.0,24822.0,0.0
public_SRR14721968_metabat2_bin.4.fa,80.45,0.38,,,0.0
public_SRR14721968_concoct_bin.6.fa,83.08,0.38,20394191.0,6689.0,0.0
public_SRR14721970_concoct_bin.35.fa,91.73,0.38,,,0.0
public_SRR14721970_metabat2_bin.1.fa,93.61,0.38,31270501.0,22759.0,0.0
public_SRR14721971_concoct_bin.15.fa,69.55,0.0,,,0.0
public_SRR14721971_metabat2_bin.3.fa,80.83,0.0,,,0.0
public_SRR14721971_concoct_merged.0.fa,82.71,0.0,22677464.0,10985.0,0.0
public_SRR14721973_concoct_bin.45.fa,60.9,0.75,,,0.0
public_SRR14721973_concoct_merged.0.fa,79.32,0.75,,,0.0
public_SRR14721973_metabat2_bin.2.fa,80.08,0.75,34874262.0,9160.0,0.0
public_SRR14721974_concoct_bin.10.fa,83.46,0.0,,,0.0
public_SRR14721974_metabat2_bin.1.fa,90.6,0.0,25397939.0,10111.0,0.0
public_SRR14721977_metabat2_bin.1.fa,56.02,0.0,17433853.0,6320.0,0.0
public_SRR14721978_concoct_bin.15.fa,67.29,0.0,,,0.0
public_SRR14721978_metabat2_bin.1.fa,74.44,0.0,,,0.0
public_SRR14721978_concoct_merged.0.fa,82.33,1.13,25185608.0,8636.0,0.0
public_SRR14721979_concoct_bin.55.fa,86.47,0.0,,,0.0
public_SRR14721979_metabat2_bin.1.fa,90.98,0.38,34557146.0,14389.0,0.0
public_SRR14721980_concoct_bin.7.fa,86.09,0.0,,,0.0
public_SRR14721980_metabat2_bin.4.fa,92.11,0.0,24074817.0,12877.0,0.0
public_SRR14721982_concoct_bin.6.fa,96.99,0.0,,,0.0
public_SRR14721982_metabat2_bin.3.fa,96.99,0.0,23745995.0,34474.0,0.0
public_SRR14721983_concoct_bin.32.fa,89.47,0.0,,,0.0
public_SRR14721983_metabat2_bin.1.fa,92.86,0.0,25048733.0,22355.0,0.0
public_SRR14721984_concoct_bin.17.fa,71.05,0.75,,,0.0
public_SRR14721984_metabat2_bin.4.fa,84.96,0.75,,,0.0
public_SRR14721984_concoct_merged.0.fa,88.35,1.13,34017098.0,12493.0,0.98316145
public_SRR14721985_concoct_bin.13.fa,77.07,0.38,,,0.0
public_SRR14721985_metabat2_bin.4.fa,85.71,0.0,29253534.0,10678.0,0.95654404
public_SRR14721986_concoct_bin.18.fa,88.35,0.38,,,0.0
public_SRR14721986_metabat2_bin.4.fa,92.48,0.38,28415343.0,15848.0,0.0
public_SRR14721987_concoct_bin.2.fa,86.47,0.0,,,0.0
public_SRR14721987_metabat2_bin.1.fa,89.1,0.0,26140875.0,17294.0,0.0
public_SRR14721990_concoct_bin.8.fa,92.86,0.0,,,0.0
public_SRR14721990_metabat2_bin.6.fa,93.61,0.0,28467715.0,22183.0,0.0
public_SRR14721991_concoct_bin.17.fa,75.19,0.0,,,0.0
public_SRR14721991_concoct_merged.0.fa,90.23,0.0,31028479.0,10682.0,0.0
public_SRR14721992_concoct_bin.16.fa,52.63,0.38,,,0.0
public_SRR14721992_metabat2_bin.1.fa,72.18,0.38,,,0.0
public_SRR14721992_concoct_merged.0.fa,72.93,0.38,28661687.0,5472.0,0.9575383
public_SRR14721993_concoct_bin.5.fa,92.11,0.38,26759001.0,22747.0,0.9882863500000001
public_SRR14721995_concoct_bin.5.fa,83.08,0.0,,,0.0
public_SRR14721995_metabat2_bin.4.fa,92.48,0.0,31516815.0,12056.0,0.0
public_SRR14721996_concoct_bin.23.fa,89.1,0.0,,,0.0
public_SRR14721996_metabat2_bin.8.fa,92.86,0.0,34948523.0,19625.0,0.0
public_SRR14721997_concoct_bin.29.fa,83.83,1.5,,,0.0
public_SRR14721997_metabat2_bin.1.fa,92.11,1.5,32245272.0,12809.0,0.9564818
public_SRR14721999_concoct_bin.2.fa,84.59,0.0,23263670.0,15945.0,0.0
public_SRR14722000_concoct_bin.34.fa,78.95,0.38,,,0.0
public_SRR14722000_metabat2_bin.1.fa,88.72,0.75,,,0.0
public_SRR14722000_concoct_merged.0.fa,89.85,0.75,30991706.0,9519.0,0.0
public_SRR14722002_concoct_bin.5.fa,84.96,0.0,,,0.0
public_SRR14722002_metabat2_bin.2.fa,92.48,0.0,29099014.0,13070.0,0.0
public_SRR14722003_concoct_bin.34.fa,81.95,0.0,,,0.0
public_SRR14722003_metabat2_bin.1.fa,87.59,0.0,24008401.0,16301.0,0.0
public_SRR14722004_concoct_bin.0.fa,91.35,0.0,,,0.0
public_SRR14722004_metabat2_bin.1.fa,92.48,0.0,33271660.0,13886.0,0.0
public_SRR14722005_concoct_bin.15.fa,86.84,0.38,,,0.0
public_SRR14722005_metabat2_bin.1.fa,93.61,0.38,29113940.0,11110.0,0.0
public_SRR14722006_concoct_bin.3.fa,89.85,0.0,,,0.0
public_SRR14722006_metabat2_bin.2.fa,92.48,0.0,33363126.0,14059.0,0.0
public_SRR14722007_concoct_bin.5.fa,89.85,0.0,,,0.0
public_SRR14722007_metabat2_bin.10.fa,92.86,0.0,30417672.0,18041.0,0.9922071
public_SRR14722009_concoct_bin.5.fa,86.09,0.38,26148408.0,20235.0,0.95516515
public_SRR14722010_concoct_bin.28.fa,68.42,0.0,,,0.0
public_SRR14722010_metabat2_bin.2.fa,81.2,0.0,31075743.0,13456.0,0.0
public_SRR14722012_concoct_bin.14.fa,90.98,0.0,,,0.0
public_SRR14722012_metabat2_bin.2.fa,94.74,0.0,29791372.0,25125.0,0.0
public_SRR14722013_concoct_bin.18.fa,91.73,0.0,,,0.0
public_SRR14722013_metabat2_bin.2.fa,93.98,0.0,26174165.0,24300.0,0.0
public_SRR14722014_concoct_bin.35.fa,80.83,0.0,,,0.0
public_SRR14722014_metabat2_bin.1.fa,91.35,0.0,27971886.0,12133.0,0.99193
public_SRR14722015_metabat2_bin.2.fa,62.03,0.75,18310306.0,4137.0,0.9886934
public_SRR14722016_concoct_bin.41.fa,75.19,0.38,,,0.0
public_SRR14722016_metabat2_bin.3.fa,81.95,0.38,20806235.0,9998.0,0.99752074
public_SRR14722017_concoct_bin.14.fa,93.23,0.0,,,0.0
public_SRR14722017_metabat2_bin.2.fa,94.36,0.0,30760831.0,20678.0,0.96255213
public_SRR14722018_metabat2_bin.2.fa,58.27,0.38,17385180.0,4355.0,0.0
public_SRR14722019_concoct_bin.66.fa,65.41,0.75,,,0.0
public_SRR14722019_metabat2_bin.2.fa,87.59,1.13,,,0.0
public_SRR14722019_concoct_merged.0.fa,89.47,1.13,32096469.0,6158.0,0.0
public_SRR14722020_concoct_bin.22.fa,62.41,0.0,,,0.0
public_SRR14722020_metabat2_bin.1.fa,81.58,0.75,,,0.0
public_SRR14722020_concoct_merged.0.fa,82.33,0.38,27153393.0,6301.0,0.957379
public_SRR14722021_concoct_bin.7.fa,81.58,0.0,,,0.0
public_SRR14722021_metabat2_bin.1.fa,90.6,0.38,30718572.0,11595.0,0.9576457
public_SRR14722022_metabat2_bin.1.fa,93.98,0.0,,,0.0
public_SRR14722022_concoct_bin.14.fa,94.74,0.0,31204119.0,15487.0,0.0
public_SRR14722023_concoct_bin.2.fa,93.61,0.38,,,0.0
public_SRR14722023_metabat2_bin.5.fa,93.98,0.38,33216096.0,16343.0,0.0
public_SRR14722024_concoct_bin.3.fa,86.47,0.0,24585898.0,14177.0,0.0
public_SRR14722026_concoct_bin.1.fa,92.86,0.0,,,0.0
public_SRR14722026_metabat2_bin.4.fa,93.98,0.0,34279999.0,20170.0,0.96244395
public_SRR14722028_concoct_bin.31.fa,73.31,0.0,,,0.0
public_SRR14722028_concoct_merged.0.fa,89.1,0.0,,,0.0
public_SRR14722028_metabat2_bin.1.fa,89.1,0.0,30646640.0,10188.0,0.9564019
public_SRR14722031_concoct_bin.18.fa,85.34,0.0,,,0.0
public_SRR14722031_metabat2_bin.3.fa,88.35,0.0,24548484.0,17044.0,0.0
public_SRR14722032_concoct_bin.33.fa,97.37,0.0,,,0.0
public_SRR14722032_metabat2_bin.2.fa,98.12,0.0,31179552.0,29322.0,0.9792459
public_SRR14722033_concoct_bin.2.fa,94.74,0.0,31190216.0,23769.0,0.96317583
public_SRR14722034_concoct_bin.2.fa,90.98,0.0,,,0.0
public_SRR14722034_metabat2_bin.1.fa,93.98,0.0,32646117.0,15825.0,0.0
public_SRR14722036_concoct_bin.35.fa,90.23,0.0,,,0.0
public_SRR14722036_metabat2_bin.1.fa,92.86,0.0,32350195.0,20670.0,0.0
public_SRR14722037_concoct_bin.40.fa,86.09,0.0,,,0.0
public_SRR14722037_metabat2_bin.2.fa,90.98,0.0,29315195.0,21887.0,0.0
public_SRR14722038_concoct_bin.15.fa,95.11,0.38,,,0.0
public_SRR14722038_metabat2_bin.1.fa,95.86,0.38,33397459.0,20430.0,0.0
public_SRR14722039_concoct_bin.41.fa,84.21,0.0,,,0.0
public_SRR14722039_metabat2_bin.7.fa,87.22,0.0,23178609.0,18777.0,0.0
public_SRR14722041_concoct_bin.10.fa,91.73,0.75,,,0.0
public_SRR14722041_metabat2_bin.10.fa,92.48,0.75,26702899.0,20597.0,0.0
public_SRR14722042_concoct_bin.33.fa,63.83,2.13,,,0.0
public_SRR14722042_metabat2_bin.4.fa,65.96,2.13,23631243.0,4205.0,0.0
public_SRR14722042_concoct_bin.27.fa,85.34,0.0,,,0.0
public_SRR14722042_metabat2_bin.6.fa,87.22,0.0,23754413.0,14189.0,0.0
public_SRR14722043_concoct_bin.30.fa,58.27,0.75,,,0.0
public_SRR14722043_metabat2_bin.3.fa,58.65,0.75,22757456.0,4451.0,0.0
public_SRR14722046_metabat2_bin.9.fa,89.85,0.0,,,0.0
public_SRR14722046_concoct_bin.7.fa,92.48,0.0,27286209.0,23006.0,0.0
public_SRR14722047_concoct_bin.48.fa,81.58,0.0,,,0.0
public_SRR14722047_metabat2_bin.3.fa,87.22,0.38,28440486.0,11264.0,0.0
public_SRR14722049_concoct_bin.8.fa,87.59,0.38,28605651.0,16848.0,0.0
public_SRR14722049_metabat2_bin.4.fa,87.59,0.38,,,0.0
public_SRR14722050_concoct_bin.33.fa,83.83,0.0,,,0.0
public_SRR14722050_metabat2_bin.2.fa,86.09,0.0,22900309.0,11097.0,0.0
public_SRR14722051_concoct_bin.2.fa,90.98,0.0,,,0.0
public_SRR14722051_metabat2_bin.4.fa,93.98,0.0,25666973.0,19143.0,0.0
public_SRR14722054_concoct_bin.15.fa,83.46,0.0,,,0.0
public_SRR14722054_metabat2_bin.5.fa,86.84,0.0,29545193.0,12040.0,0.9820611
public_SRR14722056_concoct_bin.9.fa,77.44,0.38,,,0.0
public_SRR14722056_metabat2_bin.4.fa,80.83,0.38,29928417.0,17153.0,0.98319227
public_SRR14722057_concoct_bin.4.fa,71.43,0.38,,,0.0
public_SRR14722057_metabat2_bin.4.fa,75.56,1.13,,,0.0
public_SRR14722057_concoct_merged.0.fa,83.46,1.13,29626692.0,18559.0,0.9684044
public_SRR14722058_concoct_bin.10.fa,79.32,0.38,,,0.0
public_SRR14722058_metabat2_bin.4.fa,83.83,0.38,21476704.0,11971.0,0.9975648
public_SRR14722061_concoct_bin.5.fa,89.47,0.0,,,0.0
public_SRR14722061_metabat2_bin.1.fa,91.35,0.0,28894720.0,16216.0,0.0
public_SRR14722062_concoct_bin.2.fa,90.23,0.38,,,0.0
public_SRR14722062_metabat2_bin.2.fa,91.35,0.38,27199670.0,12711.0,0.0
public_SRR14722063_concoct_bin.10.fa,89.47,0.0,31589493.0,13025.0,0.0
public_SRR14722064_concoct_bin.2.fa,87.59,0.0,,,0.0
public_SRR14722064_metabat2_bin.6.fa,88.72,0.0,28137239.0,12858.0,0.0
public_SRR14722065_concoct_bin.0.fa,89.47,0.0,,,0.0
public_SRR14722065_metabat2_bin.6.fa,90.23,0.0,24531407.0,14770.0,0.0
public_SRR14722066_concoct_bin.0.fa,81.58,0.38,,,0.0
public_SRR14722066_metabat2_bin.7.fa,86.09,0.38,23681804.0,11420.0,0.0
public_SRR14722067_concoct_bin.2.fa,63.83,0.0,,,0.0
public_SRR14722067_metabat2_bin.1.fa,63.83,0.0,30262039.0,4698.0,0.9853475
public_SRR14722067_concoct_bin.11.fa,74.44,0.38,,,0.0
public_SRR14722067_metabat2_bin.8.fa,78.95,0.38,33073044.0,19139.0,0.0
public_SRR14722068_concoct_bin.5.fa,91.35,0.0,,,0.0
public_SRR14722068_metabat2_bin.3.fa,92.86,0.0,31855629.0,14640.0,0.96222216
public_SRR14722072_concoct_bin.18.fa,72.93,0.38,,,0.0
public_SRR14722072_metabat2_bin.2.fa,86.09,0.38,,,0.0
public_SRR14722072_concoct_merged.0.fa,87.59,0.38,23918369.0,10520.0,0.0
public_SRR14722077_concoct_bin.5.fa,77.82,0.75,,,0.0
public_SRR14722077_metabat2_bin.2.fa,86.09,0.75,,,0.0
public_SRR14722077_concoct_merged.0.fa,88.35,0.75,31291365.0,9405.0,0.951909095
public_SRR14722078_concoct_bin.17.fa,96.99,0.0,29286468.0,37477.0,0.0
public_SRR14722078_metabat2_bin.7.fa,96.99,0.0,,,0.0
public_SRR14722080_concoct_bin.13.fa,57.14,0.75,,,0.0
public_SRR14722080_metabat2_bin.2.fa,74.06,0.75,,,0.0
public_SRR14722080_concoct_merged.0.fa,74.81,0.75,18398308.0,8721.0,0.0
public_SRR14722080_concoct_bin.21.fa,82.33,2.63,,,0.0
public_SRR14722080_metabat2_bin.1.fa,84.59,0.0,24278505.0,17019.0,0.0
public_SRR14722081_concoct_bin.3.fa,90.23,0.0,,,0.0
public_SRR14722081_metabat2_bin.3.fa,92.11,0.0,29178880.0,15097.0,0.9835483
public_SRR14722082_concoct_bin.17.fa,86.84,0.38,,,0.0
public_SRR14722082_metabat2_bin.6.fa,89.1,0.75,28054855.0,16612.0,0.9868344
public_SRR14722083_metabat2_bin.7.fa,80.45,0.0,,,0.0
public_SRR14722083_concoct_bin.1.fa,83.83,0.0,24386104.0,7813.0,0.0
public_SRR14722083_concoct_bin.22.fa,87.97,0.38,24887740.0,13014.0,0.9721609499999999
public_SRR14722084_concoct_bin.28.fa,91.35,0.38,,,0.0
public_SRR14722084_metabat2_bin.3.fa,92.48,0.38,30286100.0,23888.0,0.9683953
public_SRR14722085_concoct_bin.22.fa,90.6,0.38,,,0.0
public_SRR14722085_metabat2_bin.6.fa,92.48,0.38,27482044.0,23510.0,0.998904
public_SRR14722086_concoct_bin.24.fa,99.25,0.0,,,0.0
public_SRR14722086_metabat2_bin.14.fa,99.62,0.0,20387402.0,36957.0,0.0
public_SRR14722087_concoct_bin.22.fa,80.45,0.38,,,0.0
public_SRR14722087_metabat2_bin.6.fa,86.84,0.38,27332133.0,12500.0,0.9572541999999999
public_SRR14722088_metabat2_bin.25.fa,93.61,0.0,,,0.0
public_SRR14722088_concoct_bin.14.fa,93.98,0.0,29419212.0,29265.0,0.987462995
public_SRR14722090_concoct_bin.4.fa,89.47,0.38,,,0.0
public_SRR14722090_metabat2_bin.14.fa,90.98,0.38,20639300.0,17123.0,0.0
public_SRR14722092_concoct_bin.27.fa,68.05,0.0,,,0.0
public_SRR14722092_metabat2_bin.3.fa,83.08,0.0,,,0.0
public_SRR14722092_concoct_merged.0.fa,83.46,0.0,22014185.0,7006.0,0.0
public_SRR14722094_concoct_bin.9.fa,92.48,0.38,,,0.0
public_SRR14722094_metabat2_bin.10.fa,92.86,0.38,30521473.0,13155.0,0.0
public_SRR14722095_concoct_bin.49.fa,81.2,0.38,,,0.0
public_SRR14722095_metabat2_bin.7.fa,84.59,0.38,20302860.0,11288.0,0.0
public_SRR14722098_concoct_bin.33.fa,71.8,0.38,,,0.0
public_SRR14722098_metabat2_bin.9.fa,76.69,0.75,18354405.0,15872.0,0.0
public_SRR14722099_concoct_bin.47.fa,73.31,0.0,,,0.0
public_SRR14722099_concoct_merged.0.fa,85.34,0.38,,,0.0
public_SRR14722099_metabat2_bin.1.fa,86.09,0.38,27164441.0,10990.0,0.0
public_SRR14722101_concoct_bin.17.fa,85.34,0.38,,,0.0
public_SRR14722101_metabat2_bin.2.fa,90.98,0.38,26448327.0,16655.0,0.0
public_SRR14722103_concoct_bin.33.fa,88.35,0.0,,,0.0
public_SRR14722103_metabat2_bin.2.fa,90.23,0.0,30103970.0,23515.0,0.0
public_SRR14722105_concoct_bin.28.fa,75.19,0.0,,,0.0
public_SRR14722105_metabat2_bin.3.fa,84.96,0.38,,,0.0
public_SRR14722105_concoct_merged.0.fa,87.22,0.38,23972160.0,8706.0,0.976318085
public_SRR14722106_concoct_bin.48.fa,86.09,0.0,,,0.0
public_SRR14722106_metabat2_bin.2.fa,93.23,0.0,34593352.0,14550.0,0.95789725
public_SRR14722108_concoct_bin.11.fa,89.1,0.38,,,0.0
public_SRR14722108_metabat2_bin.1.fa,93.23,0.38,31596205.0,14308.0,0.96208783
public_SRR14722109_concoct_bin.5.fa,93.98,0.38,,,0.0
public_SRR14722109_metabat2_bin.1.fa,96.62,0.38,31879348.0,19317.0,0.0
public_SRR14722112_concoct_bin.33.fa,92.11,0.0,,,0.0
public_SRR14722112_metabat2_bin.8.fa,95.49,0.0,30295613.0,13744.0,0.0
public_SRR14722113_concoct_bin.16.fa,88.72,0.0,,,0.0
public_SRR14722113_metabat2_bin.5.fa,94.74,0.38,28726273.0,11621.0,0.9972074
public_SRR14722115_metabat2_bin.9.fa,92.48,0.0,,,0.0
public_SRR14722115_concoct_bin.3.fa,94.36,0.0,32421814.0,20354.0,0.0
public_SRR14722116_concoct_bin.32.fa,57.2,1.2,,,0.0
public_SRR14722116_metabat2_bin.5.fa,70.6,1.4,48859335.0,5977.0,0.0
public_SRR14722116_concoct_merged.0.fa,71.4,1.8,,,0.0
public_SRR14722116_concoct_bin.30.fa,94.74,0.0,,,0.0
public_SRR14722116_metabat2_bin.14.fa,95.11,0.0,33224986.0,20323.0,0.0
public_SRR14722117_concoct_bin.4.fa,93.61,0.38,,,0.0
public_SRR14722117_metabat2_bin.4.fa,94.74,0.38,28185128.0,20981.0,0.986844
public_SRR14722118_concoct_bin.0.fa,90.6,0.0,,,0.0
public_SRR14722118_metabat2_bin.5.fa,91.73,0.0,30836631.0,17486.0,0.0
public_SRR14722119_concoct_bin.21.fa,85.34,0.38,,,0.0
public_SRR14722119_metabat2_bin.2.fa,89.47,0.38,26086763.0,16216.0,0.0
public_SRR14722120_metabat2_bin.4.fa,56.2,1.0,41796735.0,4794.0,0.0
public_SRR14722120_concoct_bin.34.fa,93.23,0.0,,,0.0
public_SRR14722120_metabat2_bin.1.fa,93.98,0.0,33370561.0,18819.0,0.0
public_SRR14722121_metabat2_bin.4.fa,83.83,0.0,24586490.0,21353.0,0.98219776
public_SRR14722121_concoct_bin.28.fa,84.59,3.01,,,0.0
public_SRR14722123_concoct_bin.33.fa,77.44,0.0,,,0.0
public_SRR14722123_metabat2_bin.6.fa,81.95,0.38,,,0.0
public_SRR14722123_concoct_merged.0.fa,89.85,0.75,20570369.0,11738.0,0.0
public_SRR14722124_metabat2_bin.8.fa,90.98,0.0,32856029.0,26335.0,0.0
public_SRR14722124_concoct_bin.0.fa,91.35,1.13,,,0.0
public_SRR14722125_concoct_bin.14.fa,87.22,1.5,,,0.0
public_SRR14722125_metabat2_bin.9.fa,90.23,0.38,18294553.0,19572.0,0.0
public_SRR14722127_metabat2_bin.4.fa,83.83,0.0,,,0.0
public_SRR14722127_concoct_bin.0.fa,86.84,0.0,27879322.0,21255.0,0.958191381
public_SRR14722128_concoct_bin.26.fa,93.61,0.0,,,0.0
public_SRR14722128_metabat2_bin.9.fa,93.98,0.0,30069223.0,28217.0,0.0
public_SRR14722129_concoct_bin.17.fa,94.36,0.0,,,0.0
public_SRR14722129_metabat2_bin.3.fa,95.49,0.0,31560669.0,22811.0,0.96314305
public_SRR14722130_concoct_bin.25.fa,86.09,0.38,,,0.0
public_SRR14722130_metabat2_bin.11.fa,89.1,0.0,20107954.0,13756.0,0.0
public_SRR14722130_concoct_bin.14.fa,90.6,1.13,,,0.0
public_SRR14722130_metabat2_bin.9.fa,93.23,1.5,32160092.0,16252.0,0.0
public_SRR14722131_concoct_bin.36.fa,83.08,0.0,,,0.0
public_SRR14722131_metabat2_bin.1.fa,85.71,0.0,28990992.0,18867.0,0.9978794
public_SRR14722132_concoct_bin.18.fa,84.59,0.0,,,0.0
public_SRR14722132_metabat2_bin.8.fa,86.84,0.0,30311807.0,11529.0,0.0
public_SRR14722133_concoct_bin.1.fa,92.48,0.0,,,0.0
public_SRR14722133_metabat2_bin.2.fa,93.61,0.0,29167719.0,18237.0,0.0
public_SRR14722135_concoct_bin.13.fa,67.67,0.0,,,0.0
public_SRR14722135_concoct_bin.59.fa,74.47,0.0,,,0.0
public_SRR14722135_concoct_bin.16.fa,75.19,0.0,,,0.0
public_SRR14722135_metabat2_bin.8.fa,78.2,1.88,20236142.0,5962.0,0.0
public_SRR14722135_metabat2_bin.5.fa,78.72,0.0,38402819.0,15269.0,0.0
public_SRR14722135_concoct_merged.0.fa,79.7,2.26,,,0.0
public_SRR14722135_metabat2_bin.4.fa,85.34,0.0,,,0.0
public_SRR14722135_concoct_merged.1.fa,89.1,0.0,24805116.0,13337.0,0.0
public_SRR14722136_concoct_bin.18.fa,74.44,0.38,,,0.0
public_SRR14722136_metabat2_bin.5.fa,83.83,0.38,,,0.0
public_SRR14722136_concoct_merged.0.fa,86.47,0.38,33799500.0,14862.0,0.0
public_SRR14722138_concoct_bin.19.fa,94.74,0.0,,,0.0
public_SRR14722138_metabat2_bin.7.fa,95.86,0.0,30387369.0,22850.0,0.9716777750000001
public_SRR14722139_concoct_bin.23.fa,91.35,0.0,,,0.0
public_SRR14722139_metabat2_bin.5.fa,93.61,0.0,32197247.0,14127.0,0.969168265
public_SRR14722140_concoct_bin.17.fa,89.85,0.38,,,0.0
public_SRR14722140_metabat2_bin.5.fa,90.98,0.0,27939376.0,16564.0,0.0
public_SRR14722141_concoct_bin.2.fa,93.98,0.0,31686946.0,28319.0,0.0
public_SRR14722141_metabat2_bin.5.fa,93.98,0.0,,,0.0
public_SRR14722143_concoct_bin.17.fa,91.35,0.0,,,0.0
public_SRR14722143_metabat2_bin.4.fa,92.11,0.0,21986266.0,28944.0,0.0
public_SRR14722144_concoct_bin.1.fa,90.23,0.0,,,0.0
public_SRR14722144_metabat2_bin.3.fa,92.48,0.0,29976469.0,16535.0,0.9835681
public_SRR14722145_concoct_bin.3.fa,84.59,0.38,,,0.0
public_SRR14722145_metabat2_bin.10.fa,89.1,0.38,22421455.0,8956.0,0.0
public_SRR14722147_metabat2_bin.1.fa,56.39,0.38,15387725.0,4789.0,0.0
public_SRR14722147_concoct_bin.2.fa,96.24,0.0,26714181.0,61327.0,0.0
public_SRR14722147_metabat2_bin.2.fa,96.24,0.0,,,0.0
public_SRR14722150_metabat2_bin.13.fa,93.61,0.0,,,0.0
public_SRR14722150_concoct_bin.35.fa,94.36,0.0,28948497.0,27484.0,0.0
public_SRR14722151_concoct_bin.16.fa,87.59,0.0,,,0.0
public_SRR14722151_metabat2_bin.3.fa,90.23,0.0,30252234.0,9978.0,0.0
public_SRR14722152_metabat2_bin.2.fa,65.96,0.0,28683311.0,4318.0,0.0
public_SRR14722154_concoct_bin.10.fa,64.29,1.13,15975792.0,5337.0,0.0
public_SRR14722154_concoct_bin.36.fa,92.11,0.0,,,0.0
public_SRR14722154_metabat2_bin.3.fa,92.48,0.0,26584174.0,24070.0,0.0
public_SRR14722156_concoct_bin.48.fa,53.76,0.38,18164823.0,4080.0,0.9815436
public_SRR14722157_concoct_bin.29.fa,83.08,0.0,,,0.0
public_SRR14722157_metabat2_bin.4.fa,90.23,0.0,27451878.0,12140.0,0.0
public_SRR14722158_concoct_bin.14.fa,92.86,0.0,,,0.0
public_SRR14722158_metabat2_bin.9.fa,94.74,0.0,27538851.0,25106.0,0.0
public_SRR14722159_concoct_bin.8.fa,86.09,0.38,,,0.0
public_SRR14722159_concoct_bin.37.fa,86.47,1.13,,,0.0
public_SRR14722159_metabat2_bin.7.fa,89.47,1.13,21252951.0,19017.0,0.0
public_SRR14722159_metabat2_bin.8.fa,90.23,0.75,26236480.0,12428.0,0.99769086
public_SRR14722160_concoct_bin.3.fa,98.12,0.38,28693197.0,41287.0,0.99792904
public_SRR14722161_concoct_bin.4.fa,89.1,0.0,,,0.0
public_SRR14722161_metabat2_bin.6.fa,94.36,0.0,27204928.0,12022.0,0.0
public_SRR14722163_metabat2_bin.12.fa,84.59,0.0,,,0.0
public_SRR14722163_concoct_bin.11.fa,85.71,0.0,26201316.0,12940.0,0.0
public_SRR14722164_concoct_bin.0.fa,83.83,0.0,,,0.0
public_SRR14722164_metabat2_bin.2.fa,86.47,0.38,24197754.0,12186.0,0.0
public_SRR14722165_concoct_bin.7.fa,59.02,0.0,,,0.0
public_SRR14722165_metabat2_bin.16.fa,65.79,0.0,16287341.0,7087.0,0.0
public_SRR14722165_metabat2_bin.4.fa,91.35,0.0,,,0.0
public_SRR14722165_concoct_bin.25.fa,92.86,0.0,28485352.0,24106.0,0.0
public_SRR14722165_concoct_bin.24.fa,99.25,0.0,23394055.0,20198.0,0.0
public_SRR14722165_metabat2_bin.13.fa,99.25,0.0,,,0.0
public_SRR14722166_concoct_bin.2.fa,92.86,0.38,32383939.0,20193.0,0.0
public_SRR14722166_metabat2_bin.8.fa,92.86,0.38,,,0.0
public_SRR14722167_concoct_bin.5.fa,90.98,0.0,,,0.0
public_SRR14722167_metabat2_bin.4.fa,93.23,0.0,28251889.0,21012.0,0.0
public_SRR14722168_concoct_bin.2.fa,91.73,0.0,,,0.0
public_SRR14722168_metabat2_bin.6.fa,92.11,0.0,32739534.0,16434.0,0.0
public_SRR14722169_concoct_bin.10.fa,89.1,0.0,,,0.0
public_SRR14722169_metabat2_bin.6.fa,93.23,0.0,30569428.0,14468.0,0.0
public_SRR14722170_concoct_bin.30.fa,92.86,0.0,,,0.0
public_SRR14722170_metabat2_bin.4.fa,93.23,0.0,29308871.0,27910.0,0.9736771
public_SRR14722171_concoct_bin.7.fa,93.23,0.0,29112311.0,29238.0,0.98520045
public_SRR14722171_metabat2_bin.4.fa,93.23,0.0,,,0.0
public_SRR14722173_concoct_bin.1.fa,82.33,0.0,,,0.0
public_SRR14722173_metabat2_bin.6.fa,91.35,0.0,,,0.0
public_SRR14722173_concoct_merged.0.fa,93.98,0.0,33504405.0,13713.0,0.0
public_SRR14722174_concoct_bin.52.fa,86.09,0.0,,,0.0
public_SRR14722174_metabat2_bin.2.fa,90.98,0.0,31984326.0,13033.0,0.0
public_SRR14722175_concoct_bin.13.fa,74.81,0.0,,,0.0
public_SRR14722175_metabat2_bin.4.fa,83.08,0.0,24445192.0,6786.0,0.9971213
public_SRR14722176_metabat2_bin.11.fa,64.29,0.0,,,0.0
public_SRR14722176_concoct_bin.30.fa,70.68,0.38,19199543.0,5720.0,0.0
public_SRR14722176_concoct_bin.16.fa,96.24,0.38,,,0.0
public_SRR14722176_metabat2_bin.14.fa,96.62,0.38,23205678.0,31845.0,0.9995467
public_SRR14722177_metabat2_bin.9.fa,65.96,0.0,36559424.0,4245.0,0.0
public_SRR14722177_metabat2_bin.5.fa,69.17,0.75,,,0.0
public_SRR14722177_concoct_merged.0.fa,72.56,0.75,27302582.0,6918.0,0.0
public_SRR14722177_concoct_bin.11.fa,95.86,0.38,24200494.0,35716.0,0.0
public_SRR14722181_concoct_bin.9.fa,90.23,0.0,23253195.0,18705.0,0.0
public_SRR14722181_metabat2_bin.3.fa,90.6,0.38,,,0.0
public_SRR14722181_concoct_bin.15.fa,98.12,0.0,24594840.0,43817.0,0.0
public_SRR14722181_metabat2_bin.4.fa,98.12,0.38,,,0.0
public_SRR14722184_concoct_bin.5.fa,90.98,1.13,30897180.0,17444.0,0.0
public_SRR14722185_concoct_bin.10.fa,93.98,0.38,,,0.0
public_SRR14722185_metabat2_bin.2.fa,96.24,0.38,26056273.0,29934.0,0.0
public_SRR14722186_concoct_bin.30.fa,90.23,0.0,,,0.0
public_SRR14722186_metabat2_bin.3.fa,92.48,0.0,30940628.0,20278.0,0.9791258
public_SRR14722188_concoct_bin.41.fa,54.14,0.0,,,0.0
public_SRR14722188_metabat2_bin.28.fa,54.14,0.0,9566273.0,3855.0,0.0
public_SRR14722188_concoct_bin.10.fa,90.6,0.0,,,0.0
public_SRR14722188_metabat2_bin.25.fa,91.73,0.0,24893827.0,26017.0,0.0
public_SRR14722188_concoct_bin.0.fa,95.11,0.38,23043824.0,29118.0,0.9995617
public_SRR14722188_metabat2_bin.24.fa,95.86,0.75,,,0.0
public_SRR14722188_concoct_bin.30.fa,97.87,0.0,45054228.0,44392.0,0.9859834
public_SRR14722188_metabat2_bin.42.fa,97.87,0.0,,,0.0
public_SRR14722197_concoct_bin.19.fa,81.2,0.0,,,0.0
public_SRR14722197_metabat2_bin.3.fa,87.59,0.0,24423375.0,6947.0,0.98907423
public_SRR14722202_concoct_bin.19.fa,87.59,0.38,,,0.0
public_SRR14722202_metabat2_bin.2.fa,91.35,0.38,24837606.0,17955.0,0.0
public_SRR14722208_concoct_bin.12.fa,91.73,0.0,,,0.0
public_SRR14722208_metabat2_bin.1.fa,92.86,0.0,31111827.0,14812.0,0.0
public_SRR14722210_concoct_bin.30.fa,91.73,0.38,,,0.0
public_SRR14722210_metabat2_bin.3.fa,93.61,0.38,25182958.0,22258.0,0.0
public_SRR14722213_metabat2_bin.1.fa,67.67,0.0,24186479.0,6751.0,0.0
public_SRR14722213_concoct_bin.9.fa,80.08,0.0,19589290.0,20479.0,0.0
public_SRR14722219_concoct_bin.13.fa,90.98,0.0,,,0.0
public_SRR14722219_metabat2_bin.6.fa,92.11,0.0,28305125.0,13254.0,0.9919468
public_SRR14722221_concoct_bin.14.fa,90.23,0.38,,,0.0
public_SRR14722221_metabat2_bin.2.fa,90.98,0.38,27242046.0,23423.0,0.998906
public_SRR14722222_concoct_bin.23.fa,93.61,0.38,,,0.0
public_SRR14722222_metabat2_bin.6.fa,96.99,0.38,29161940.0,20894.0,0.0
public_SRR14722229_concoct_bin.24.fa,95.86,0.0,25156133.0,37460.0,0.0
public_SRR14722229_metabat2_bin.5.fa,95.86,0.0,,,0.0
public_SRR14722230_concoct_bin.15.fa,85.34,0.0,,,0.0
public_SRR14722230_metabat2_bin.7.fa,85.71,0.0,20537062.0,11914.0,0.0
public_SRR14722231_concoct_bin.10.fa,93.61,0.38,,,0.0
public_SRR14722231_metabat2_bin.5.fa,94.74,0.0,25103968.0,24227.0,0.0
public_SRR14722232_metabat2_bin.1.fa,89.85,0.0,,,0.0
public_SRR14722232_concoct_bin.14.fa,90.6,0.0,23206127.0,15777.0,0.0
public_SRR14722233_concoct_bin.2.fa,95.49,0.38,,,0.0
public_SRR14722233_metabat2_bin.15.fa,96.24,0.38,24194649.0,38497.0,0.0
public_SRR14722251_concoct_bin.0.fa,86.47,1.13,,,0.0
public_SRR14722251_metabat2_bin.1.fa,90.6,1.5,23335315.0,13766.0,0.9862033
public_SRR14722272_concoct_bin.20.fa,90.23,0.38,,,0.0
public_SRR14722272_metabat2_bin.6.fa,93.98,0.38,29305370.0,13909.0,0.0
public_SRR14722274_concoct_bin.15.fa,88.72,0.0,,,0.0
public_SRR14722274_metabat2_bin.2.fa,93.23,0.0,22070204.0,14873.0,0.9749736
public_SRR14722275_concoct_bin.41.fa,80.45,0.0,,,0.0
public_SRR14722275_metabat2_bin.6.fa,87.97,0.0,,,0.0
public_SRR14722275_concoct_merged.0.fa,90.6,0.0,27620207.0,11682.0,0.9964952
public_SRR14722277_concoct_bin.19.fa,89.85,0.38,,,0.0
public_SRR14722277_metabat2_bin.3.fa,90.6,0.38,27964805.0,20230.0,0.9736917599999999
public_SRR14722278_concoct_bin.6.fa,90.6,0.0,28696751.0,15623.0,0.0
public_SRR14722279_concoct_bin.9.fa,95.49,0.38,,,0.0
public_SRR14722279_metabat2_bin.4.fa,97.37,0.38,27033343.0,23922.0,0.0
public_SRR14722280_concoct_bin.27.fa,95.49,0.38,,,0.0
public_SRR14722280_metabat2_bin.4.fa,97.74,0.38,28541616.0,41535.0,0.0
public_SRR14722281_concoct_bin.4.fa,94.74,0.38,,,0.0
public_SRR14722281_metabat2_bin.1.fa,95.86,0.38,27227520.0,35494.0,0.0
public_SRR14722288_concoct_bin.12.fa,93.23,0.0,,,0.0
public_SRR14722288_metabat2_bin.3.fa,95.49,0.0,31578379.0,25581.0,0.0
public_SRR14722289_metabat2_bin.1.fa,92.11,0.0,,,0.0
public_SRR14722289_concoct_bin.0.fa,92.86,0.0,32608811.0,17803.0,0.99176556
public_SRR14722290_concoct_bin.2.fa,88.35,0.0,,,0.0
public_SRR14722290_metabat2_bin.4.fa,90.23,0.0,28614552.0,19510.0,0.0
public_SRR14722291_concoct_bin.3.fa,89.85,0.0,33607426.0,23400.0,0.96238655
public_SRR14722292_concoct_bin.18.fa,93.23,0.0,,,0.0
public_SRR14722292_metabat2_bin.5.fa,93.61,0.0,29337773.0,30158.0,0.9736507
public_SRR14722293_metabat2_bin.2.fa,93.61,0.0,,,0.0
public_SRR14722293_concoct_bin.15.fa,93.98,0.0,27256336.0,29081.0,0.0
public_SRR14722294_concoct_bin.5.fa,92.48,0.0,,,0.0
public_SRR14722294_metabat2_bin.7.fa,94.36,0.0,29218708.0,23698.0,0.0
public_SRR14722296_concoct_bin.3.fa,85.71,1.13,,,0.0
public_SRR14722296_metabat2_bin.7.fa,89.47,1.13,25827061.0,16027.0,0.951937
public_SRR14722298_concoct_bin.16.fa,90.6,0.0,,,0.0
public_SRR14722298_metabat2_bin.8.fa,92.48,0.0,28756496.0,24347.0,0.9874153999999999
public_SRR14722299_concoct_bin.6.fa,92.11,0.38,,,0.0
public_SRR14722299_metabat2_bin.9.fa,93.61,0.38,29905000.0,26535.0,0.0
public_SRR14722300_concoct_bin.6.fa,92.86,0.0,,,0.0
public_SRR14722300_metabat2_bin.4.fa,95.11,0.0,32449567.0,19631.0,0.9517291
public_SRR14722301_concoct_bin.35.fa,89.47,0.0,,,0.0
public_SRR14722301_metabat2_bin.5.fa,92.48,0.0,26693721.0,18052.0,0.9519777
public_SRR14722302_concoct_bin.41.fa,79.32,0.38,,,0.0
public_SRR14722302_metabat2_bin.1.fa,90.6,0.38,,,0.0
public_SRR14722302_concoct_merged.0.fa,90.98,0.38,29999525.0,12874.0,0.0
public_SRR14722303_concoct_bin.34.fa,86.09,0.0,,,0.0
public_SRR14722303_metabat2_bin.3.fa,89.47,0.0,24893398.0,18133.0,0.9904724
public_SRR14722304_concoct_bin.35.fa,82.71,0.0,,,0.0
public_SRR14722304_metabat2_bin.6.fa,91.35,0.0,28412263.0,16168.0,0.99668354
public_SRR14722305_concoct_bin.10.fa,92.11,0.0,,,0.0
public_SRR14722305_metabat2_bin.2.fa,92.86,0.0,30013823.0,15444.0,0.0
public_SRR14722307_concoct_bin.6.fa,83.83,0.75,,,0.0
public_SRR14722307_metabat2_bin.5.fa,87.97,0.75,21218329.0,10376.0,0.0
public_SRR14722308_metabat2_bin.6.fa,90.98,0.38,24619376.0,14301.0,0.0
public_SRR14722308_concoct_bin.22.fa,91.73,0.75,,,0.0
public_SRR14722309_concoct_bin.30.fa,92.48,0.38,,,0.0
public_SRR14722309_metabat2_bin.1.fa,94.74,0.38,28003477.0,22940.0,0.98855242
public_SRR14722310_concoct_bin.13.fa,88.72,0.0,,,0.0
public_SRR14722310_metabat2_bin.3.fa,91.73,0.0,31840281.0,14073.0,0.0
public_SRR14722311_concoct_bin.26.fa,73.31,0.0,,,0.0
public_SRR14722311_metabat2_bin.3.fa,86.09,0.0,,,0.0
public_SRR14722311_concoct_merged.0.fa,86.47,0.0,30111423.0,14052.0,0.9971733
public_SRR14722312_metabat2_bin.4.fa,90.98,0.0,,,0.0
public_SRR14722312_concoct_bin.10.fa,92.48,0.0,22566314.0,17468.0,0.0
public_SRR14722313_concoct_bin.10.fa,80.83,0.0,,,0.0
public_SRR14722313_metabat2_bin.4.fa,83.46,0.0,28706674.0,17607.0,0.0
public_SRR14722316_concoct_bin.6.fa,90.6,0.0,,,0.0
public_SRR14722316_metabat2_bin.4.fa,92.86,0.0,29735595.0,19900.0,0.0
public_SRR14722318_concoct_bin.41.fa,89.47,0.38,,,0.0
public_SRR14722318_metabat2_bin.2.fa,94.74,0.38,22746770.0,14994.0,0.0
public_SRR14722319_concoct_bin.8.fa,90.23,0.0,,,0.0
public_SRR14722319_metabat2_bin.1.fa,90.98,0.0,28393906.0,21046.0,0.97355324
public_SRR14722320_metabat2_bin.11.fa,61.65,1.13,,,0.0
public_SRR14722320_concoct_bin.17.fa,62.41,0.75,18489579.0,3744.0,0.9623041
public_SRR14722323_concoct_bin.50.fa,69.92,0.38,,,0.0
public_SRR14722323_metabat2_bin.3.fa,78.95,0.38,,,0.0
public_SRR14722323_concoct_merged.0.fa,81.58,0.38,29408163.0,10777.0,0.0
public_SRR14722324_metabat2_bin.1.fa,90.6,0.38,,,0.0
public_SRR14722324_concoct_bin.1.fa,91.73,0.38,22416086.0,14179.0,0.97397983
public_SRR14722325_concoct_bin.7.fa,89.85,0.38,,,0.0
public_SRR14722325_metabat2_bin.1.fa,89.85,0.38,30316057.0,12367.0,0.0
public_SRR14722326_concoct_bin.6.fa,91.35,0.0,,,0.0
public_SRR14722326_metabat2_bin.1.fa,93.61,0.38,33950087.0,17315.0,0.99182373
public_SRR14722327_concoct_bin.11.fa,92.48,0.0,20183082.0,25344.0,0.0
public_SRR14722329_concoct_bin.17.fa,84.96,0.0,,,0.0
public_SRR14722329_metabat2_bin.1.fa,91.73,0.0,31925147.0,11772.0,0.96919775
public_SRR14722330_concoct_bin.10.fa,74.44,0.38,,,0.0
public_SRR14722330_metabat2_bin.3.fa,81.95,0.38,,,0.0
public_SRR14722330_concoct_merged.0.fa,84.59,0.38,34269597.0,16551.0,0.0
public_SRR11456918_concoct_bin.4.fa,79.7,0.75,,,0.0
public_SRR11456918_metabat2_bin.10.fa,85.34,0.75,,,0.0
public_SRR11456918_concoct_merged.0.fa,91.35,0.75,,,0.0
public_SRR11456918_metabat2_merged.0.fa,99.25,0.75,73926494.0,34013.0,0.0
public_SRR11456922_metabat2_bin.10.fa,55.26,0.38,,,0.0
public_SRR11456922_metabat2_merged.0.fa,69.92,0.38,,,0.0
public_SRR11456922_metabat2_merged.1.fa,84.21,1.13,122748735.0,39185.0,0.99166703
public_SRR11456923_metabat2_bin.9.fa,58.65,0.0,,,0.0
public_SRR11456923_metabat2_merged.0.fa,91.35,0.0,130535317.0,46550.0,0.99165773
public_SRR12240175_concoct_bin.7.fa,87.59,0.0,,,0.0
public_SRR12240175_metabat2_bin.4.fa,93.98,0.38,,,0.0
public_SRR12240175_concoct_merged.0.fa,98.5,0.75,33872195.0,43700.0,0.9553613249999999
public_SRR12240177_concoct_bin.23.fa,93.61,0.0,,,0.0
public_SRR12240177_metabat2_bin.4.fa,95.11,0.0,29889360.0,19911.0,0.958821642
public_SRR12240178_concoct_bin.2.fa,95.49,0.38,,,0.0
public_SRR12240178_metabat2_bin.6.fa,96.99,0.38,29901407.0,59095.0,0.9577424069999999
public_SRR12240179_metabat2_bin.11.fa,93.61,0.38,,,0.0
public_SRR12240179_concoct_bin.1.fa,95.11,0.38,29959457.0,92264.0,0.9576843100000001
public_SRR12240181_concoct_bin.4.fa,92.11,0.75,,,0.0
public_SRR12240181_metabat2_bin.5.fa,96.24,0.38,33269822.0,109725.0,0.0
public_SRR12240184_metabat2_bin.10.fa,76.69,0.75,,,0.0
public_SRR12240184_concoct_bin.17.fa,79.7,0.75,26941752.0,6584.0,0.0
public_SRR12240187_concoct_bin.5.fa,89.85,0.0,,,0.0
public_SRR12240187_metabat2_bin.8.fa,93.61,0.0,31191156.0,64761.0,0.9557100799999999
public_SRR12240188_metabat2_bin.7.fa,92.11,0.38,,,0.0
public_SRR12240188_concoct_bin.1.fa,95.86,0.38,32470444.0,87993.0,0.9560465039999999
public_SRR13167197_concoct_bin.6.fa,86.47,0.0,,,0.0
public_SRR13167197_metabat2_bin.1.fa,94.74,0.0,29481857.0,14710.0,0.956225521
public_SRR13126859_concoct_bin.21.fa,95.11,0.0,,,0.0
public_SRR13126859_metabat2_bin.7.fa,95.86,0.0,29552732.0,23436.0,0.0
public_SRR13126828_concoct_bin.18.fa,81.95,0.0,,,0.0
public_SRR13126828_concoct_merged.0.fa,92.48,0.0,,,0.0
public_SRR13126828_metabat2_bin.1.fa,92.86,0.0,30836724.0,12594.0,0.9501176499999999
public_SRR13126796_concoct_bin.24.fa,86.47,1.5,,,0.0
public_SRR13126796_metabat2_bin.1.fa,90.98,1.5,29520253.0,12012.0,0.95887405
public_SRR13126647_concoct_bin.2.fa,63.16,0.0,,,0.0
public_SRR13126647_metabat2_bin.1.fa,84.21,0.38,,,0.0
public_SRR13126647_concoct_merged.0.fa,84.59,0.38,26256202.0,6122.0,0.950720995
public_SRR13125985_concoct_bin.8.fa,87.59,0.0,24711508.0,15241.0,0.95081064
public_SRR13125762_metabat2_bin.2.fa,64.4,1.6,,,0.0
public_SRR13125762_concoct_merged.0.fa,66.0,1.6,37538871.0,4153.0,0.9784231775
public_SRR13125762_concoct_bin.37.fa,93.23,0.38,28326182.0,16009.0,0.0
public_SRR13125477_metabat2_bin.13.fa,84.6,4.4,60258601.0,10079.0,0.0
public_SRR13125477_concoct_bin.11.fa,85.6,4.6,,,0.0
public_SRR13125477_metabat2_bin.10.fa,93.61,0.0,,,0.0
public_SRR13125477_concoct_bin.14.fa,97.74,0.0,30483605.0,226306.0,0.0
public_ERR4179390_concoct_bin.60.fa,80.83,0.0,,,0.0
public_ERR4179390_metabat2_bin.6.fa,84.59,0.0,18482457.0,11025.0,0.0
public_ERR4179390_concoct_bin.43.fa,95.86,0.38,,,0.0
public_ERR4179390_metabat2_bin.28.fa,96.62,0.38,46620885.0,25646.0,0.0
public_ERR4179390_concoct_bin.45.fa,97.87,2.13,51114057.0,24626.0,0.0
public_ERR4179390_concoct_bin.75.fa,97.87,0.0,39633693.0,157811.0,0.0
public_ERR4179390_metabat2_bin.15.fa,97.87,0.0,,,0.0
public_ERR4179390_metabat2_bin.31.fa,97.87,2.13,,,0.0
public_ERR4179389_concoct_bin.3.fa,86.47,0.0,,,0.0
public_ERR4179389_metabat2_bin.32.fa,87.97,0.0,21884073.0,18244.0,0.96852055
public_SRR2387885_concoct_bin.9.fa,89.8,0.8,,,0.0
public_SRR2387885_concoct_bin.11.fa,92.86,1.13,,,0.0
public_SRR2387885_metabat2_bin.15.fa,93.23,1.13,23971264.0,23064.0,0.0
public_SRR2387885_metabat2_bin.2.fa,93.4,1.0,52878094.0,17266.0,0.0
public_SRR1532736_concoct_bin.20.fa,56.0,1.2,35234345.0,3830.0,0.0
public_SRR1532736_metabat2_bin.9.fa,75.19,0.38,,,0.0
public_SRR1532736_concoct_bin.13.fa,84.96,1.5,24935311.0,8368.0,0.0
public_SRR1531569_concoct_bin.26.fa,97.37,0.38,22991615.0,28694.0,0.0
public_SRR1531569_metabat2_bin.1.fa,97.37,0.38,,,0.0
public_SRR1531545_concoct_bin.10.fa,94.74,0.0,29584455.0,63367.0,0.0
public_SRR1531517_metabat2_bin.2.fa,92.11,0.0,,,0.0
public_SRR1531517_concoct_bin.16.fa,98.87,0.0,33745127.0,101038.0,0.0
private_GTX0158_concoct_bin.31.fa,100.0,0.0,23838662.0,608695.0,0.9917587
private_GTX0158_metabat2_bin.17.fa,100.0,0.0,,,0.0
private_GTX0161_concoct_bin.9.fa,68.05,0.38,,,0.0
private_GTX0161_concoct_merged.0.fa,88.35,0.38,57027747.0,71343.0,0.0
private_GTX0161_concoct_bin.0.fa,94.6,3.8,57477754.0,87483.0,0.0
private_GTX0163_metabat2_bin.25.fa,93.98,0.38,,,0.0
private_GTX0163_metabat2_bin.34.fa,94.6,5.6,,,0.0
private_GTX0163_concoct_bin.46.fa,94.8,5.6,58699984.0,47590.0,0.0
private_GTX0163_concoct_bin.14.fa,98.87,0.0,32085414.0,255290.0,0.95620653
private_T1867_metabat2_bin.14.fa,95.49,0.38,,,0.0
private_T1867_concoct_bin.7.fa,97.87,4.26,,,0.0
private_T1867_metabat2_bin.4.fa,97.87,4.26,42078767.0,117087.0,0.99656606
private_T1867_concoct_bin.8.fa,98.87,0.38,24754787.0,177170.0,0.0
private_T1868_metabat2_bin.6.fa,95.86,0.0,,,0.0
private_T1868_concoct_bin.12.fa,100.0,0.0,23887801.0,213794.0,0.0
private_T1881_metabat2_bin.1.fa,70.2,3.8,42807559.0,17844.0,0.97193784
private_T1881_metabat2_bin.5.fa,96.99,0.0,22810638.0,58653.0,0.0
private_T1881_concoct_bin.16.fa,98.5,0.38,,,0.0
private_T1882_metabat2_bin.9.fa,68.2,2.2,,,0.0
private_T1882_concoct_bin.18.fa,77.2,2.4,,,0.0
private_T1882_metabat2_merged.0.fa,83.6,3.2,62479348.0,19427.0,0.0
private_T1882_metabat2_bin.7.fa,94.74,0.0,,,0.0
private_T1882_concoct_bin.24.fa,100.0,0.0,23645587.0,157981.0,0.0
private_T1887_metabat2_bin.36.fa,92.48,0.0,24064483.0,117092.0,0.0
private_T1887_concoct_bin.33.fa,100.0,4.14,,,0.0
private_T1888_concoct_bin.34.fa,97.74,0.0,,,0.0
private_T1888_metabat2_bin.52.fa,97.74,0.0,29924716.0,30062.0,0.0
private_T1888_metabat2_bin.51.fa,99.62,0.0,25635390.0,232694.0,0.0
private_T1888_concoct_bin.38.fa,100.0,0.75,,,0.0
private_T1889_metabat2_bin.12.fa,53.19,0.0,,,0.0
private_T1889_concoct_bin.11.fa,69.0,1.8,,,0.0
private_T1889_metabat2_bin.18.fa,76.4,2.0,,,0.0
private_T1889_concoct_merged.0.fa,81.6,2.4,52390134.0,5681.0,0.989431065
private_T1889_metabat2_merged.0.fa,95.74,2.13,,,0.0
private_T1889_metabat2_bin.19.fa,97.74,0.0,,,0.0
private_T1889_concoct_bin.16.fa,97.87,2.13,40608534.0,51331.0,0.0
private_T1889_concoct_bin.13.fa,98.87,0.0,24831450.0,95278.0,0.0
private_T1894_metabat2_bin.4.fa,96.62,0.0,22054922.0,162028.0,0.0
private_T1894_concoct_bin.66.fa,97.87,4.26,44449598.0,213364.0,0.9963542
private_T1894_metabat2_bin.18.fa,97.87,4.26,,,0.0
private_T1894_concoct_bin.29.fa,99.25,2.26,,,0.0
private_T1904_metabat2_bin.2.fa,88.72,1.5,,,0.0
private_T1904_concoct_bin.11.fa,89.1,1.5,26722152.0,11343.0,0.0
private_T1904_metabat2_bin.14.fa,94.6,3.8,,,0.0
private_T1904_concoct_bin.38.fa,95.2,3.6,60571648.0,40405.0,0.9910662875
private_T1904_concoct_bin.29.fa,96.62,0.38,,,0.0
private_T1904_metabat2_bin.21.fa,96.99,0.38,26273779.0,67414.0,0.0
private_T1912_metabat2_bin.3.fa,89.47,0.0,,,0.0
private_T1912_metabat2_bin.2.fa,89.6,6.0,,,0.0
private_T1912_concoct_bin.0.fa,91.0,6.0,55932432.0,34932.0,0.0
private_T1912_concoct_bin.14.fa,93.98,0.0,30118458.0,39074.0,0.0
private_T1914_concoct_bin.4.fa,95.49,0.38,,,0.0
private_T1914_metabat2_bin.6.fa,96.2,4.2,,,0.0
private_T1914_concoct_bin.18.fa,96.4,4.2,62847652.0,57762.0,0.99010606
private_T1914_metabat2_bin.5.fa,97.74,0.38,38065376.0,74634.0,0.0
private_T1914_metabat2_bin.15.fa,98.5,0.38,,,0.0
private_T1914_concoct_bin.19.fa,98.87,0.38,27996602.0,50356.0,0.0
private_T1916_metabat2_bin.23.fa,92.86,0.0,,,0.0
private_T1916_concoct_bin.29.fa,99.25,0.0,34960352.0,144284.0,0.0
private_TS1974_metabat2_bin.6.fa,92.2,3.8,,,0.0
private_TS1974_concoct_bin.29.fa,92.8,3.8,57915726.0,84728.0,0.9720289
private_TS1974_metabat2_bin.2.fa,93.98,0.0,,,0.0
private_TS1974_concoct_bin.10.fa,98.87,0.0,33623393.0,225460.0,0.9566785
private_X12_metabat2_bin.3.fa,69.55,0.0,,,0.0
private_X12_concoct_bin.4.fa,84.59,0.0,31580949.0,120336.0,0.0
private_X13_metabat2_bin.2.fa,98.5,0.0,,,0.0
private_X13_concoct_bin.5.fa,99.25,0.0,23711382.0,179572.0,0.0
private_X15_metabat2_bin.8.fa,92.11,0.0,,,0.0
private_X15_concoct_bin.2.fa,98.5,0.75,21148796.0,37598.0,0.0
private_VT2_concoct_bin.17.fa,95.86,0.38,38832912.0,231578.0,0.0
private_VT1_metabat2_bin.10.fa,98.5,2.26,32712560.0,273403.0,0.994097
private_VT1_concoct_bin.26.fa,99.62,3.76,,,0.0
private_VT12_metabat2_bin.5.fa,95.49,0.0,,,0.0
private_VT12_concoct_bin.10.fa,97.74,0.0,35490453.0,179500.0,0.0
private_VT15_metabat2_bin.1.fa,97.37,0.0,38001697.0,170700.0,0.0
private_VT15_concoct_bin.10.fa,98.87,0.75,,,0.0
private_VT16_metabat2_bin.16.fa,93.98,0.38,,,0.0
private_VT16_concoct_bin.11.fa,98.12,0.38,35374370.0,107309.0,0.9516392
private_VT19_concoct_bin.7.fa,90.98,0.0,40208408.0,240478.0,0.0
private_VT22_metabat2_bin.25.fa,84.21,0.0,,,0.0
private_VT22_concoct_bin.7.fa,88.35,0.0,28225289.0,118960.0,0.0
private_VT26_metabat2_bin.6.fa,85.71,0.0,,,0.0
private_VT26_concoct_bin.9.fa,94.74,0.75,34129889.0,28779.0,0.96170145
private_VT31_concoct_bin.35.fa,93.23,0.0,,,0.0
private_VT31_metabat2_bin.4.fa,96.99,0.0,35051463.0,104224.0,0.0
private_VT33_metabat2_bin.5.fa,88.35,0.0,,,0.0
private_VT33_concoct_bin.0.fa,96.62,0.75,36233533.0,184062.0,0.0
private_VT34_concoct_bin.3.fa,97.37,0.75,,,0.0
private_VT34_metabat2_bin.11.fa,97.37,0.0,23060245.0,98421.0,0.0
private_VT38_metabat2_bin.5.fa,54.51,0.0,,,0.0
private_VT38_concoct_bin.3.fa,86.09,0.0,25667219.0,85163.0,0.0
private_VT38_metabat2_bin.6.fa,90.6,4.4,,,0.0
private_VT38_concoct_bin.4.fa,92.4,4.4,61746959.0,13941.0,0.9906498575
private_X1_metabat2_bin.3.fa,76.0,0.6,,,0.0
private_X1_concoct_bin.0.fa,77.6,0.4,16642605.0,11426.0,0.0
private_X1_metabat2_bin.6.fa,87.22,0.0,,,0.0
private_X1_concoct_bin.9.fa,93.2,4.2,,,0.0
private_X1_metabat2_bin.11.fa,93.2,4.2,59375272.0,33878.0,0.98833764
private_X1_concoct_bin.13.fa,98.5,0.0,34883038.0,114305.0,0.98525584
private_X10_metabat2_bin.8.fa,69.17,0.0,,,0.0
private_X10_concoct_bin.0.fa,86.09,0.75,31690061.0,69042.0,0.0
private_X10_metabat2_bin.5.fa,93.6,6.0,,,0.0
private_X10_concoct_bin.7.fa,95.6,6.0,61204277.0,62237.0,0.0
private_X11_metabat2_bin.11.fa,92.0,4.8,,,0.0
private_X11_concoct_bin.15.fa,93.0,4.8,59630297.0,21075.0,0.0
private_X11_metabat2_bin.10.fa,93.61,0.38,24878815.0,95010.0,0.0
private_X11_concoct_bin.6.fa,96.99,1.88,,,0.0
private_X14_concoct_bin.2.fa,98.12,0.38,35839814.0,38994.0,0.0
private_X14_metabat2_bin.4.fa,98.12,0.38,,,0.0
private_X16_metabat2_bin.13.fa,94.74,0.0,,,0.0
private_X16_concoct_bin.2.fa,97.37,0.0,24447381.0,125427.0,0.0
private_X2_metabat2_bin.11.fa,73.31,0.0,,,0.0
private_X2_metabat2_bin.5.fa,92.2,5.0,,,0.0
private_X2_concoct_bin.1.fa,93.8,5.0,67285532.0,63864.0,0.0
private_X2_concoct_bin.0.fa,96.24,0.0,36596510.0,91007.0,0.0
private_X3_concoct_bin.10.fa,99.62,0.75,32638814.0,219403.0,0.99421925
private_X3_metabat2_bin.18.fa,99.62,0.75,,,0.0
private_X4_concoct_bin.17.fa,90.6,0.0,26109501.0,43309.0,0.0
private_X4_metabat2_bin.27.fa,90.6,0.0,,,0.0
private_X5_metabat2_bin.8.fa,92.48,0.0,,,0.0
private_X5_concoct_bin.21.fa,92.86,0.0,25436447.0,29602.0,0.0
private_X7_metabat2_bin.6.fa,67.29,0.0,,,0.0
private_X7_concoct_bin.4.fa,94.2,4.4,,,0.0
private_X7_metabat2_bin.4.fa,94.2,4.4,58806478.0,33771.0,0.98830575
private_X7_concoct_bin.1.fa,96.24,0.0,35270049.0,131685.0,0.9853017
private_X8_concoct_bin.38.fa,60.0,0.0,,,0.0
private_X8_metabat2_bin.7.fa,65.4,0.2,15245811.0,7601.0,0.0
private_X8_metabat2_bin.3.fa,97.74,0.0,,,0.0
private_X8_concoct_bin.23.fa,98.12,0.0,26420366.0,75784.0,0.0
private_X9_metabat2_bin.4.fa,87.97,0.0,,,0.0
private_X9_concoct_bin.20.fa,93.23,0.0,33069491.0,82979.0,0.9612492
