genome,score,completeness,contamination,strain_heterogeneity,size,N50,cluster,taxonomy,tax_confidence,cluster_members,closest_cluster_member,furthest_cluster_member,completeness_metric,contamination_metric
public_SRR14721953_concoct_bin.46.fa,57.99902404835604,NA,NA,NA,NA,NA,1_0,NA,NA,1,NA,NA,NA,NA
public_SRR14722062_metabat2_bin.2.fa,90.55208985936032,NA,NA,NA,NA,NA,2_0,NA,NA,1,NA,NA,NA,NA
public_SRR14721957_metabat2_bin.1.fa,68.18974850830529,NA,NA,NA,NA,NA,3_0,NA,NA,1,NA,NA,NA,NA
public_SRR14722213_metabat2_bin.1.fa,68.6346840539944,NA,NA,NA,NA,NA,4_0,NA,NA,1,NA,NA,NA,NA
public_SRR7232214_concoct_bin.7.fa,82.0616694062539,NA,NA,NA,NA,NA,5_1,NA,NA,2,98.31,98.31,NA,NA
private_X1_concoct_bin.0.fa,76.67894710986225,NA,NA,NA,NA,NA,6_0,NA,NA,1,NA,NA,NA,NA
public_ERR4179390_metabat2_bin.6.fa,85.66118929906993,NA,NA,NA,NA,NA,7_0,NA,NA,1,NA,NA,NA,NA
public_SRR14721962_metabat2_bin.6.fa,76.29342046701751,NA,NA,NA,NA,NA,8_1,NA,NA,1,NA,NA,NA,NA
public_SRR14722031_metabat2_bin.3.fa,89.5157857627642,NA,NA,NA,NA,NA,8_2,NA,NA,1,NA,NA,NA,NA
private_X8_concoct_bin.23.fa,99.60978876214855,NA,NA,NA,NA,NA,8_3,NA,NA,1,NA,NA,NA,NA
public_SRR14722003_metabat2_bin.1.fa,88.74610712370998,NA,NA,NA,NA,NA,8_4,NA,NA,1,NA,NA,NA,NA
private_X11_metabat2_bin.10.fa,93.24888465904576,NA,NA,NA,NA,NA,8_5,NA,NA,1,NA,NA,NA,NA
public_SRR14721982_metabat2_bin.3.fa,98.3087458386454,NA,NA,NA,NA,NA,9_0,NA,NA,1,NA,NA,NA,NA
public_SRR14721932_concoct_bin.34.fa,86.94881701712379,NA,NA,NA,NA,NA,10_1,NA,NA,1,NA,NA,NA,NA
public_SRR14722323_concoct_merged.0.fa,80.74624894142855,NA,NA,NA,NA,NA,10_2,NA,NA,1,NA,NA,NA,NA
private_T1916_concoct_bin.29.fa,100.87960908690164,NA,NA,NA,NA,NA,11_0,NA,NA,1,NA,NA,NA,NA
public_SRR14721966_metabat2_bin.6.fa,95.22741838563958,NA,NA,NA,NA,NA,12_0,NA,NA,1,NA,NA,NA,NA
public_SRR14721971_concoct_merged.0.fa,83.78040003062826,NA,NA,NA,NA,NA,13_0,NA,NA,1,NA,NA,NA,NA
public_SRR14721923_metabat2_bin.2.fa,90.92071400103616,NA,NA,NA,NA,NA,14_1,NA,NA,2,99.79,99.79,NA,NA
public_SRR14721946_metabat2_bin.2.fa,91.01572205145872,NA,NA,NA,NA,NA,15_0,NA,NA,1,NA,NA,NA,NA
public_SRR14721970_metabat2_bin.1.fa,92.93857658791195,NA,NA,NA,NA,NA,16_0,NA,NA,1,NA,NA,NA,NA
private_VT34_metabat2_bin.11.fa,98.91654388667028,NA,NA,NA,NA,NA,17_0,NA,NA,1,NA,NA,NA,NA
private_X15_concoct_bin.2.fa,96.08758237177148,NA,NA,NA,NA,NA,18_0,NA,NA,1,NA,NA,NA,NA
public_SRR14721983_metabat2_bin.1.fa,94.08468733710204,NA,NA,NA,NA,NA,19_0,NA,NA,1,NA,NA,NA,NA
public_SRR14722012_metabat2_bin.2.fa,95.99005303521426,NA,NA,NA,NA,NA,20_0,NA,NA,1,NA,NA,NA,NA
public_SRR14722327_concoct_bin.11.fa,93.7319375799547,NA,NA,NA,NA,NA,21_0,NA,NA,1,NA,NA,NA,NA
public_SRR14721978_concoct_merged.0.fa,77.69815631683109,NA,NA,NA,NA,NA,22_0,NA,NA,1,NA,NA,NA,NA
public_SRR14722313_metabat2_bin.4.fa,84.6328426821166,NA,NA,NA,NA,NA,23_0,NA,NA,1,NA,NA,NA,NA
public_SRR14722043_metabat2_bin.3.fa,55.774228797141255,NA,NA,NA,NA,NA,24_0,NA,NA,1,NA,NA,NA,NA
public_SRR14722083_concoct_bin.1.fa,84.82640891215479,NA,NA,NA,NA,NA,25_0,NA,NA,1,NA,NA,NA,NA
public_SRR14722233_metabat2_bin.15.fa,95.68271344353072,NA,NA,NA,NA,NA,26_0,NA,NA,1,NA,NA,NA,NA
private_T1914_concoct_bin.19.fa,98.37102561243633,NA,NA,NA,NA,NA,27_0,NA,NA,1,NA,NA,NA,NA
public_SRR14722135_metabat2_bin.8.fa,69.73769598584832,NA,NA,NA,NA,NA,28_0,NA,NA,1,NA,NA,NA,NA
public_SRR14722032_metabat2_bin.2.fa,100.38284269470591,NA,NA,NA,NA,NA,29_1,NA,NA,2,97.92,97.92,NA,NA
private_T1912_concoct_bin.14.fa,95.32594393608343,NA,NA,NA,NA,NA,29_2,NA,NA,1,NA,NA,NA,NA
public_SRR14722109_metabat2_bin.1.fa,95.91296983990588,NA,NA,NA,NA,NA,30_0,NA,NA,1,NA,NA,NA,NA
public_SRR14721995_metabat2_bin.4.fa,93.57060161965327,NA,NA,NA,NA,NA,31_0,NA,NA,1,NA,NA,NA,NA
public_SRR14721999_concoct_bin.2.fa,85.74131226178949,NA,NA,NA,NA,NA,32_0,NA,NA,1,NA,NA,NA,NA
public_SRR14722159_metabat2_bin.7.fa,85.00957100324581,NA,NA,NA,NA,NA,33_0,NA,NA,1,NA,NA,NA,NA
public_SRR14721944_concoct_merged.0.fa,72.36187243929622,NA,NA,NA,NA,NA,34_0,NA,NA,1,NA,NA,NA,NA
public_SRR14722188_metabat2_bin.28.fa,54.98301219119349,NA,NA,NA,NA,NA,35_0,NA,NA,1,NA,NA,NA,NA
private_X8_metabat2_bin.7.fa,65.39043536626622,NA,NA,NA,NA,NA,36_0,NA,NA,1,NA,NA,NA,NA
public_SRR14721980_metabat2_bin.4.fa,93.2149073478472,NA,NA,NA,NA,NA,37_0,NA,NA,1,NA,NA,NA,NA
public_SRR14722147_concoct_bin.2.fa,97.68382586017422,NA,NA,NA,NA,NA,38_0,NA,NA,1,NA,NA,NA,NA
public_SRR14722147_metabat2_bin.1.fa,55.3801224185213,NA,NA,NA,NA,NA,39_0,NA,NA,1,NA,NA,NA,NA
public_SRR14722307_metabat2_bin.5.fa,85.278014981538,NA,NA,NA,NA,NA,40_0,NA,NA,1,NA,NA,NA,NA
public_SRR14722123_concoct_merged.0.fa,87.18479705258876,NA,NA,NA,NA,NA,41_0,NA,NA,1,NA,NA,NA,NA
public_SRR14722230_metabat2_bin.7.fa,86.7980287978814,NA,NA,NA,NA,NA,42_0,NA,NA,1,NA,NA,NA,NA
public_SRR14721959_metabat2_bin.2.fa,91.016118120175,NA,NA,NA,NA,NA,43_1,NA,NA,1,NA,NA,NA,NA
public_SRR14722098_metabat2_bin.9.fa,74.09031582740505,NA,NA,NA,NA,NA,43_2,NA,NA,1,NA,NA,NA,NA
public_SRR14722046_concoct_bin.7.fa,93.71092055772766,NA,NA,NA,NA,NA,44_1,NA,NA,1,NA,NA,NA,NA
public_SRR14722165_concoct_bin.25.fa,94.10106257611264,NA,NA,NA,NA,NA,44_2,NA,NA,1,NA,NA,NA,NA
public_SRR14722013_metabat2_bin.2.fa,95.22280313679916,NA,NA,NA,NA,NA,45_0,NA,NA,1,NA,NA,NA,NA
public_SRR14722177_concoct_bin.11.fa,95.2864314071463,NA,NA,NA,NA,NA,46_0,NA,NA,1,NA,NA,NA,NA
public_SRR14722177_concoct_merged.0.fa,69.77999027883916,NA,NA,NA,NA,NA,47_0,NA,NA,1,NA,NA,NA,NA
public_SRR14722185_metabat2_bin.2.fa,95.6280823771614,NA,NA,NA,NA,NA,48_0,NA,NA,1,NA,NA,NA,NA
private_T1867_concoct_bin.8.fa,98.64419509258626,NA,NA,NA,NA,NA,49_1,NA,NA,1,NA,NA,NA,NA
public_SRR14722188_metabat2_bin.25.fa,92.98762860847712,NA,NA,NA,NA,NA,49_2,NA,NA,1,NA,NA,NA,NA
private_T1889_concoct_bin.13.fa,100.40949631610302,NA,NA,NA,NA,NA,49_3,NA,NA,1,NA,NA,NA,NA
public_SRR14722051_metabat2_bin.4.fa,95.17100499967104,NA,NA,NA,NA,NA,50_0,NA,NA,1,NA,NA,NA,NA
public_ERR4179390_metabat2_bin.28.fa,95.97450981896574,NA,NA,NA,NA,NA,51_1,NA,NA,1,NA,NA,NA,NA
public_SRR14722019_concoct_merged.0.fa,84.76471984228358,NA,NA,NA,NA,NA,51_2,NA,NA,1,NA,NA,NA,NA
public_SRR14722112_metabat2_bin.8.fa,96.60905657324358,NA,NA,NA,NA,NA,52_0,NA,NA,1,NA,NA,NA,NA
public_SRR14722113_metabat2_bin.5.fa,94.91982915059324,NA,NA,NA,NA,NA,53_1,NA,NA,2,99.72,99.72,NA,NA
public_SRR14722130_metabat2_bin.11.fa,90.21924608357496,NA,NA,NA,NA,NA,54_0,NA,NA,1,NA,NA,NA,NA
public_SRR14722154_concoct_bin.10.fa,59.5536486014018,NA,NA,NA,NA,NA,55_0,NA,NA,1,NA,NA,NA,NA
private_T1888_metabat2_bin.52.fa,99.02900893523238,NA,NA,NA,NA,NA,56_1,NA,NA,1,NA,NA,NA,NA
private_T1904_concoct_bin.11.fa,82.67736396604109,NA,NA,NA,NA,NA,56_2,NA,NA,1,NA,NA,NA,NA
public_SRR14722165_concoct_bin.24.fa,100.45265418393208,NA,NA,NA,NA,NA,57_0,NA,NA,1,NA,NA,NA,NA
public_SRR14721968_concoct_bin.6.fa,82.14268059797631,NA,NA,NA,NA,NA,58_0,NA,NA,1,NA,NA,NA,NA
public_SRR14722176_concoct_bin.30.fa,69.7086980143965,NA,NA,NA,NA,NA,59_0,NA,NA,1,NA,NA,NA,NA
public_SRR14721937_metabat2_bin.4.fa,97.66303965578444,NA,NA,NA,NA,NA,60_1,NA,NA,2,97.87,97.87,NA,NA
public_SRR14722308_metabat2_bin.6.fa,90.20768320332334,NA,NA,NA,NA,NA,61_0,NA,NA,1,NA,NA,NA,NA
public_SRR12240185_concoct_bin.1.fa,91.43611390023442,NA,NA,NA,NA,NA,62_0,NA,NA,1,NA,NA,NA,NA
public_SRR14721991_concoct_merged.0.fa,91.29432628681656,NA,NA,NA,NA,NA,63_0,NA,NA,1,NA,NA,NA,NA
public_SRR13685140_metabat2_bin.1.fa,91.45359668092397,NA,NA,NA,NA,NA,64_0,NA,NA,1,NA,NA,NA,NA
public_SRR14722176_metabat2_bin.14.fa,97.02106732661083,NA,NA,NA,NA,NA,65_1,NA,NA,2,99.95,99.95,NA,NA
public_SRR14722054_metabat2_bin.5.fa,88.91237434346091,NA,NA,NA,NA,NA,66_1,NA,NA,2,98.21,98.21,NA,NA
public_SRR12240182_metabat2_bin.7.fa,101.69898306164096,NA,NA,NA,NA,NA,66_2,NA,NA,1,NA,NA,NA,NA
public_SRR14722141_concoct_bin.2.fa,95.25603895674492,NA,NA,NA,NA,NA,66_3,NA,NA,1,NA,NA,NA,NA
public_SRR14722036_metabat2_bin.1.fa,94.06767023831364,NA,NA,NA,NA,NA,66_4,NA,NA,1,NA,NA,NA,NA
public_SRR14722072_concoct_merged.0.fa,86.75100786990886,NA,NA,NA,NA,NA,67_0,NA,NA,1,NA,NA,NA,NA
private_GTX0163_concoct_bin.14.fa,101.57972343166402,NA,NA,NA,NA,NA,68_1,NA,NA,3,95.63,95.61,NA,NA
public_SRR14722005_metabat2_bin.1.fa,92.78285702947042,NA,NA,NA,NA,NA,68_2,NA,NA,1,NA,NA,NA,NA
public_SRR14722305_metabat2_bin.2.fa,94.004379896476,NA,NA,NA,NA,NA,68_3,NA,NA,1,NA,NA,NA,NA
public_SRR14722144_metabat2_bin.3.fa,94.62277019962488,NA,NA,NA,NA,NA,68_4,NA,NA,2,98.36,98.36,NA,NA
public_SRR14722047_metabat2_bin.3.fa,86.39584632089901,NA,NA,NA,NA,NA,68_5,NA,NA,1,NA,NA,NA,NA
public_SRR14722017_metabat2_bin.2.fa,96.5303063954951,NA,NA,NA,NA,NA,68_6,NA,NA,2,96.26,96.26,NA,NA
public_SRR14722133_metabat2_bin.2.fa,94.79047669905204,NA,NA,NA,NA,NA,68_7,NA,NA,1,NA,NA,NA,NA
public_SRR14721922_metabat2_bin.4.fa,94.79808149015956,NA,NA,NA,NA,NA,68_8,NA,NA,1,NA,NA,NA,NA
public_SRR14722316_metabat2_bin.4.fa,94.05942653820485,NA,NA,NA,NA,NA,68_9,NA,NA,1,NA,NA,NA,NA
public_SRR12240181_metabat2_bin.5.fa,95.91015279475847,NA,NA,NA,NA,NA,69_1,NA,NA,1,NA,NA,NA,NA
public_SRR12240184_concoct_bin.17.fa,76.9092449111021,NA,NA,NA,NA,NA,69_2,NA,NA,1,NA,NA,NA,NA
private_GTX0158_concoct_bin.31.fa,102.93395856717244,NA,NA,NA,NA,NA,70_1,NA,NA,2,99.18,99.18,NA,NA
public_SRR14722181_concoct_bin.15.fa,99.490821319793,NA,NA,NA,NA,NA,70_2,NA,NA,1,NA,NA,NA,NA
private_X4_concoct_bin.17.fa,91.96828907801712,NA,NA,NA,NA,NA,71_1,NA,NA,1,NA,NA,NA,NA
private_X5_concoct_bin.21.fa,94.14566052714468,NA,NA,NA,NA,NA,71_2,NA,NA,1,NA,NA,NA,NA
private_T1868_concoct_bin.12.fa,101.7149977564152,NA,NA,NA,NA,NA,72_0,NA,NA,1,NA,NA,NA,NA
private_X13_concoct_bin.5.fa,100.92711930983631,NA,NA,NA,NA,NA,73_0,NA,NA,1,NA,NA,NA,NA
private_T1882_concoct_bin.24.fa,101.64930242926413,NA,NA,NA,NA,NA,74_0,NA,NA,1,NA,NA,NA,NA
public_SRR14722090_metabat2_bin.14.fa,90.24678992833952,NA,NA,NA,NA,NA,75_0,NA,NA,1,NA,NA,NA,NA
private_T1887_metabat2_bin.36.fa,94.0642636120343,NA,NA,NA,NA,NA,76_0,NA,NA,1,NA,NA,NA,NA
private_T1888_metabat2_bin.51.fa,101.35339259258777,NA,NA,NA,NA,NA,77_0,NA,NA,1,NA,NA,NA,NA
public_SRR14722135_concoct_merged.1.fa,90.21252907558603,NA,NA,NA,NA,NA,78_0,NA,NA,1,NA,NA,NA,NA
public_SRR14721960_metabat2_bin.2.fa,94.99489993015924,NA,NA,NA,NA,NA,79_1,NA,NA,2,99.21,99.21,NA,NA
public_SRR14721964_metabat2_bin.3.fa,88.35296929491328,NA,NA,NA,NA,NA,80_0,NA,NA,1,NA,NA,NA,NA
public_SRR14722050_metabat2_bin.2.fa,87.16260279301753,NA,NA,NA,NA,NA,81_0,NA,NA,1,NA,NA,NA,NA
public_SRR14722064_metabat2_bin.6.fa,89.82458671071274,NA,NA,NA,NA,NA,82_0,NA,NA,1,NA,NA,NA,NA
public_SRR14722157_metabat2_bin.4.fa,91.32210934336962,NA,NA,NA,NA,NA,83_0,NA,NA,1,NA,NA,NA,NA
public_SRR14722164_metabat2_bin.2.fa,85.66293058689422,NA,NA,NA,NA,NA,84_0,NA,NA,1,NA,NA,NA,NA
public_SRR14721941_concoct_bin.5.fa,86.07444017120682,NA,NA,NA,NA,NA,85_1,NA,NA,1,NA,NA,NA,NA
public_SRR14722049_concoct_bin.8.fa,86.8532741769207,NA,NA,NA,NA,NA,85_2,NA,NA,1,NA,NA,NA,NA
public_SRR14721948_concoct_merged.0.fa,93.19675348688916,NA,NA,NA,NA,NA,85_3,NA,NA,1,NA,NA,NA,NA
public_SRR14722065_metabat2_bin.6.fa,91.36469024765596,NA,NA,NA,NA,NA,86_0,NA,NA,1,NA,NA,NA,NA
public_SRR14722160_concoct_bin.3.fa,98.57583570363668,NA,NA,NA,NA,NA,87_1,NA,NA,2,99.79,99.79,NA,NA
public_SRR14722061_metabat2_bin.1.fa,92.50497186784249,NA,NA,NA,NA,NA,88_0,NA,NA,1,NA,NA,NA,NA
public_SRR14722086_metabat2_bin.14.fa,100.95384835497092,NA,NA,NA,NA,NA,89_0,NA,NA,1,NA,NA,NA,NA
public_SRR14722309_metabat2_bin.1.fa,95.05884912678262,NA,NA,NA,NA,NA,90_1,NA,NA,3,99.06,98.65,NA,NA
public_SRR14722231_metabat2_bin.5.fa,95.98214981965418,NA,NA,NA,NA,NA,90_2,NA,NA,1,NA,NA,NA,NA
public_SRR14722163_concoct_bin.11.fa,86.81596713816633,NA,NA,NA,NA,NA,91_0,NA,NA,1,NA,NA,NA,NA
public_SRR14722080_concoct_merged.0.fa,72.08028314324504,NA,NA,NA,NA,NA,92_0,NA,NA,1,NA,NA,NA,NA
public_SRR14722154_metabat2_bin.3.fa,93.72073804513752,NA,NA,NA,NA,NA,93_0,NA,NA,1,NA,NA,NA,NA
public_SRR14722165_metabat2_bin.16.fa,66.76523121638076,NA,NA,NA,NA,NA,94_0,NA,NA,1,NA,NA,NA,NA
public_SRR14722251_metabat2_bin.1.fa,85.20560718260884,NA,NA,NA,NA,NA,95_1,NA,NA,2,98.62,98.62,NA,NA
public_SRR14722042_metabat2_bin.6.fa,88.34597589435363,NA,NA,NA,NA,NA,96_0,NA,NA,1,NA,NA,NA,NA
public_SRR14722184_concoct_bin.5.fa,86.5008230390007,NA,NA,NA,NA,NA,97_1,NA,NA,1,NA,NA,NA,NA
public_SRR14722232_concoct_bin.14.fa,91.74901221276654,NA,NA,NA,NA,NA,97_2,NA,NA,1,NA,NA,NA,NA
public_SRR14722274_metabat2_bin.2.fa,95.34117288896964,NA,NA,NA,NA,NA,98_1,NA,NA,2,97.50,97.50,NA,NA
public_SRR14722158_metabat2_bin.9.fa,95.9898887622444,NA,NA,NA,NA,NA,99_0,NA,NA,1,NA,NA,NA,NA
public_SRR14722095_metabat2_bin.7.fa,83.76630850037314,NA,NA,NA,NA,NA,100_1,NA,NA,1,NA,NA,NA,NA
public_SRR2387885_metabat2_bin.15.fa,88.81146731469008,NA,NA,NA,NA,NA,100_2,NA,NA,1,NA,NA,NA,NA
private_T1881_metabat2_bin.5.fa,98.42414511521746,NA,NA,NA,NA,NA,100_3,NA,NA,1,NA,NA,NA,NA
public_SRR14722202_metabat2_bin.2.fa,90.62709270473104,NA,NA,NA,NA,NA,100_4,NA,NA,1,NA,NA,NA,NA
public_SRR14722058_metabat2_bin.4.fa,84.01663001540128,NA,NA,NA,NA,NA,100_5,NA,NA,2,99.76,99.76,NA,NA
private_X16_concoct_bin.2.fa,98.96919551740535,NA,NA,NA,NA,NA,100_6,NA,NA,1,NA,NA,NA,NA
public_SRR14721950_metabat2_bin.6.fa,92.1730372769378,NA,NA,NA,NA,NA,101_0,NA,NA,1,NA,NA,NA,NA
public_SRR14721977_metabat2_bin.1.fa,56.9703585391412,NA,NA,NA,NA,NA,102_0,NA,NA,1,NA,NA,NA,NA
public_SRR14722125_metabat2_bin.9.fa,89.52581760354394,NA,NA,NA,NA,NA,103_0,NA,NA,1,NA,NA,NA,NA
public_SRR14722213_concoct_bin.9.fa,81.2856543730004,NA,NA,NA,NA,NA,104_0,NA,NA,1,NA,NA,NA,NA
private_T1894_metabat2_bin.4.fa,98.27479503565011,NA,NA,NA,NA,NA,105_0,NA,NA,1,NA,NA,NA,NA
public_SRR1531569_concoct_bin.26.fa,96.7488955469853,NA,NA,NA,NA,NA,106_0,NA,NA,1,NA,NA,NA,NA
public_SRR14722301_metabat2_bin.5.fa,94.61024036242404,NA,NA,NA,NA,NA,107_1,NA,NA,2,95.20,95.20,NA,NA
public_SRR14722121_metabat2_bin.4.fa,86.02692721002987,NA,NA,NA,NA,NA,107_2,NA,NA,2,98.22,98.22,NA,NA
public_SRR14722080_metabat2_bin.1.fa,85.75546701914219,NA,NA,NA,NA,NA,107_3,NA,NA,1,NA,NA,NA,NA
public_SRR14722103_metabat2_bin.2.fa,91.46567249154106,NA,NA,NA,NA,NA,107_4,NA,NA,1,NA,NA,NA,NA
public_SRR14722084_metabat2_bin.3.fa,92.78748519519048,NA,NA,NA,NA,NA,107_5,NA,NA,2,96.84,96.84,NA,NA
public_SRR14722299_metabat2_bin.9.fa,92.9719095459827,NA,NA,NA,NA,NA,107_6,NA,NA,1,NA,NA,NA,NA
public_SRR14722101_metabat2_bin.2.fa,90.2407723185136,NA,NA,NA,NA,NA,107_7,NA,NA,1,NA,NA,NA,NA
public_SRR14722292_metabat2_bin.5.fa,95.873351968437,NA,NA,NA,NA,NA,107_8,NA,NA,2,97.37,97.37,NA,NA
public_SRR14722293_concoct_bin.15.fa,95.26180466820172,NA,NA,NA,NA,NA,107_9,NA,NA,1,NA,NA,NA,NA
public_SRR14722088_concoct_bin.14.fa,96.2506372592251,NA,NA,NA,NA,NA,107_10,NA,NA,3,98.97,98.52,NA,NA
public_SRR14722150_concoct_bin.35.fa,95.62953996993444,NA,NA,NA,NA,NA,107_11,NA,NA,1,NA,NA,NA,NA
public_SRR14722294_metabat2_bin.7.fa,95.59735584757011,NA,NA,NA,NA,NA,107_12,NA,NA,1,NA,NA,NA,NA
public_SRR14722319_metabat2_bin.1.fa,93.1651380230312,NA,NA,NA,NA,NA,107_13,NA,NA,3,97.93,96.78,NA,NA
public_SRR14721965_metabat2_bin.1.fa,92.72599030231656,NA,NA,NA,NA,NA,107_14,NA,NA,3,95.94,95.50,NA,NA
public_SRR14721936_concoct_merged.0.fa,70.87184461817367,NA,NA,NA,NA,NA,107_15,NA,NA,1,NA,NA,NA,NA
public_SRR14721952_concoct_merged.0.fa,87.54081475423756,NA,NA,NA,NA,NA,107_16,NA,NA,1,NA,NA,NA,NA
public_SRR14722099_metabat2_bin.1.fa,85.26049884621175,NA,NA,NA,NA,NA,107_17,NA,NA,1,NA,NA,NA,NA
public_SRR14722119_metabat2_bin.2.fa,88.72497186784247,NA,NA,NA,NA,NA,107_18,NA,NA,1,NA,NA,NA,NA
public_SRR14722290_metabat2_bin.4.fa,91.42512863469726,NA,NA,NA,NA,NA,107_19,NA,NA,1,NA,NA,NA,NA
public_SRR14722117_metabat2_bin.4.fa,95.03775709188425,NA,NA,NA,NA,NA,107_20,NA,NA,2,98.68,98.68,NA,NA
public_SRR14721939_concoct_merged.0.fa,80.25039289516387,NA,NA,NA,NA,NA,107_21,NA,NA,1,NA,NA,NA,NA
public_SRR14722066_metabat2_bin.7.fa,85.26883305195491,NA,NA,NA,NA,NA,108_0,NA,NA,1,NA,NA,NA,NA
public_SRR14722167_metabat2_bin.4.fa,94.44123369606554,NA,NA,NA,NA,NA,109_0,NA,NA,1,NA,NA,NA,NA
public_SRR14722018_metabat2_bin.2.fa,57.23949407967184,NA,NA,NA,NA,NA,110_1,NA,NA,1,NA,NA,NA,NA
public_SRR14722272_metabat2_bin.6.fa,93.20164795356204,NA,NA,NA,NA,NA,110_2,NA,NA,1,NA,NA,NA,NA
public_SRR14722041_metabat2_bin.10.fa,89.93690198449707,NA,NA,NA,NA,NA,110_3,NA,NA,1,NA,NA,NA,NA
public_SRR14722304_metabat2_bin.6.fa,93.50101169025362,NA,NA,NA,NA,NA,111_1,NA,NA,2,99.67,99.67,NA,NA
private_T1904_metabat2_bin.21.fa,96.55437504835196,NA,NA,NA,NA,NA,112_0,NA,NA,1,NA,NA,NA,NA
public_SRR14721987_metabat2_bin.1.fa,90.2689477273198,NA,NA,NA,NA,NA,113_0,NA,NA,1,NA,NA,NA,NA
public_SRR11456923_metabat2_merged.0.fa,93.72561757265868,NA,NA,NA,NA,NA,114_1,NA,NA,2,99.17,99.17,NA,NA
public_SRR11456915_metabat2_merged.0.fa,81.14633087763889,NA,NA,NA,NA,NA,114_2,NA,NA,2,95.18,95.18,NA,NA
public_SRR11456921_metabat2_merged.0.fa,95.37034071632117,NA,NA,NA,NA,NA,114_3,NA,NA,3,99.97,96.25,NA,NA
public_SRR11456914_concoct_merged.0.fa,96.49565354762213,NA,NA,NA,NA,NA,114_4,NA,NA,1,NA,NA,NA,NA
public_SRR11456917_metabat2_merged.0.fa,98.21513186351469,NA,NA,NA,NA,NA,114_5,NA,NA,1,NA,NA,NA,NA
public_SRR11456918_metabat2_merged.0.fa,96.81582246953865,NA,NA,NA,NA,NA,114_6,NA,NA,1,NA,NA,NA,NA
public_SRR11456919_metabat2_bin.15.fa,93.15152095482551,NA,NA,NA,NA,NA,115_0,NA,NA,1,NA,NA,NA,NA
public_SRR14722210_metabat2_bin.3.fa,92.93374306903829,NA,NA,NA,NA,NA,116_0,NA,NA,1,NA,NA,NA,NA
public_SRR14722078_concoct_bin.17.fa,98.32688240936304,NA,NA,NA,NA,NA,117_0,NA,NA,1,NA,NA,NA,NA
public_SRR14722229_concoct_bin.24.fa,97.1967838865196,NA,NA,NA,NA,NA,118_0,NA,NA,1,NA,NA,NA,NA
private_X2_concoct_bin.0.fa,97.76953739915204,NA,NA,NA,NA,NA,119_1,NA,NA,1,NA,NA,NA,NA
public_SRR13685162_metabat2_bin.2.fa,91.29238645653982,NA,NA,NA,NA,NA,119_2,NA,NA,1,NA,NA,NA,NA
public_SRR14722034_metabat2_bin.1.fa,95.1296718593447,NA,NA,NA,NA,NA,119_3,NA,NA,1,NA,NA,NA,NA
public_SRR13125762_concoct_bin.37.fa,92.4821821023105,NA,NA,NA,NA,NA,119_4,NA,NA,1,NA,NA,NA,NA
public_SRR14721947_metabat2_bin.6.fa,95.17098231162996,NA,NA,NA,NA,NA,119_5,NA,NA,1,NA,NA,NA,NA
public_SRR14722094_metabat2_bin.10.fa,92.06954542621084,NA,NA,NA,NA,NA,119_6,NA,NA,1,NA,NA,NA,NA
public_SRR13685165_metabat2_bin.3.fa,92.85086594738355,NA,NA,NA,NA,NA,119_7,NA,NA,1,NA,NA,NA,NA
public_SRR14722120_metabat2_bin.1.fa,95.1672982711285,NA,NA,NA,NA,NA,119_8,NA,NA,1,NA,NA,NA,NA
public_SRR14722022_concoct_bin.14.fa,95.88498364917562,NA,NA,NA,NA,NA,119_9,NA,NA,1,NA,NA,NA,NA
public_SRR14722115_concoct_bin.3.fa,95.56432488509068,NA,NA,NA,NA,NA,119_10,NA,NA,1,NA,NA,NA,NA
public_SRR13685164_concoct_bin.7.fa,90.63446952122828,NA,NA,NA,NA,NA,119_11,NA,NA,1,NA,NA,NA,NA
public_SRR14722023_metabat2_bin.5.fa,93.2366658903533,NA,NA,NA,NA,NA,119_12,NA,NA,1,NA,NA,NA,NA
public_SRR14722116_metabat2_bin.14.fa,96.3139939085795,NA,NA,NA,NA,NA,119_13,NA,NA,1,NA,NA,NA,NA
public_SRR14722063_concoct_bin.10.fa,90.57738886598578,NA,NA,NA,NA,NA,120_1,NA,NA,1,NA,NA,NA,NA
public_SRR14722208_metabat2_bin.1.fa,93.9953068516887,NA,NA,NA,NA,NA,120_2,NA,NA,1,NA,NA,NA,NA
public_SRR14722173_concoct_merged.0.fa,95.0985662380045,NA,NA,NA,NA,NA,121_0,NA,NA,1,NA,NA,NA,NA
private_X14_concoct_bin.2.fa,97.56549889367535,NA,NA,NA,NA,NA,122_1,NA,NA,1,NA,NA,NA,NA
public_SRR14721996_metabat2_bin.8.fa,94.05640483270864,NA,NA,NA,NA,NA,122_2,NA,NA,1,NA,NA,NA,NA
public_SRR14722129_metabat2_bin.3.fa,97.68221521225608,NA,NA,NA,NA,NA,122_3,NA,NA,2,96.31,96.31,NA,NA
public_SRR5808932_concoct_bin.35.fa,98.33245946682,NA,NA,NA,NA,NA,122_4,NA,NA,1,NA,NA,NA,NA
public_SRR7232211_concoct_bin.3.fa,99.95965355372616,NA,NA,NA,NA,NA,122_5,NA,NA,4,96.70,95.65,NA,NA
private_VT38_concoct_bin.3.fa,87.60512547586939,NA,NA,NA,NA,NA,122_6,NA,NA,1,NA,NA,NA,NA
private_X9_concoct_bin.20.fa,95.70073329836832,NA,NA,NA,NA,NA,122_7,NA,NA,2,96.12,96.12,NA,NA
public_SRR5808930_metabat2_bin.9.fa,100.65479184662544,NA,NA,NA,NA,NA,122_8,NA,NA,1,NA,NA,NA,NA
public_SRR14722026_metabat2_bin.4.fa,96.1447968991064,NA,NA,NA,NA,NA,122_9,NA,NA,2,96.24,96.24,NA,NA
private_VT15_metabat2_bin.1.fa,99.03611676055736,NA,NA,NA,NA,NA,122_10,NA,NA,1,NA,NA,NA,NA
public_SRR14722124_metabat2_bin.8.fa,92.24026666134677,NA,NA,NA,NA,NA,122_11,NA,NA,1,NA,NA,NA,NA
private_VT12_concoct_bin.10.fa,99.41703222645717,NA,NA,NA,NA,NA,122_12,NA,NA,1,NA,NA,NA,NA
private_VT2_concoct_bin.17.fa,95.69234864943525,NA,NA,NA,NA,NA,122_13,NA,NA,1,NA,NA,NA,NA
private_VT33_concoct_bin.0.fa,94.55248206835914,NA,NA,NA,NA,NA,122_14,NA,NA,1,NA,NA,NA,NA
private_TS1974_concoct_bin.10.fa,101.55321325133274,NA,NA,NA,NA,NA,122_15,NA,NA,2,95.67,95.67,NA,NA
private_X3_concoct_bin.10.fa,98.5848405307956,NA,NA,NA,NA,NA,122_16,NA,NA,3,99.61,99.23,NA,NA
public_SRR14722140_metabat2_bin.5.fa,92.13958261091516,NA,NA,NA,NA,NA,122_17,NA,NA,1,NA,NA,NA,NA
private_VT31_metabat2_bin.4.fa,98.54898386844238,NA,NA,NA,NA,NA,122_18,NA,NA,1,NA,NA,NA,NA
public_SRR14722118_metabat2_bin.5.fa,92.9013452370262,NA,NA,NA,NA,NA,122_19,NA,NA,1,NA,NA,NA,NA
private_X1_concoct_bin.13.fa,101.06428845399432,NA,NA,NA,NA,NA,122_20,NA,NA,2,98.53,98.53,NA,NA
private_VT19_concoct_bin.7.fa,92.72053767566548,NA,NA,NA,NA,NA,122_21,NA,NA,1,NA,NA,NA,NA
private_X12_concoct_bin.4.fa,86.1801977856669,NA,NA,NA,NA,NA,122_22,NA,NA,1,NA,NA,NA,NA
private_GTX0161_concoct_merged.0.fa,87.92667568381634,NA,NA,NA,NA,NA,122_23,NA,NA,1,NA,NA,NA,NA
private_VT22_concoct_bin.7.fa,89.93770047775693,NA,NA,NA,NA,NA,122_24,NA,NA,1,NA,NA,NA,NA
private_X10_concoct_bin.0.fa,83.80955668173874,NA,NA,NA,NA,NA,122_25,NA,NA,1,NA,NA,NA,NA
public_SRR13125477_concoct_bin.14.fa,99.46734803422956,NA,NA,NA,NA,NA,122_26,NA,NA,1,NA,NA,NA,NA
public_SRR14722132_metabat2_bin.8.fa,87.920895819592,NA,NA,NA,NA,NA,122_27,NA,NA,1,NA,NA,NA,NA
public_SRR14722219_metabat2_bin.6.fa,94.21312028312754,NA,NA,NA,NA,NA,123_1,NA,NA,2,99.19,99.19,NA,NA
public_SRR14722002_metabat2_bin.2.fa,93.58813779379028,NA,NA,NA,NA,NA,123_2,NA,NA,1,NA,NA,NA,NA
public_SRR14722302_concoct_merged.0.fa,90.18485675239648,NA,NA,NA,NA,NA,123_3,NA,NA,1,NA,NA,NA,NA
public_SRR14721974_metabat2_bin.1.fa,91.65239705519434,NA,NA,NA,NA,NA,123_4,NA,NA,1,NA,NA,NA,NA
public_SRR14722021_metabat2_bin.1.fa,90.739781076487,NA,NA,NA,NA,NA,124_1,NA,NA,2,95.76,95.76,NA,NA
public_SRR14722325_metabat2_bin.1.fa,89.04613218039415,NA,NA,NA,NA,NA,124_2,NA,NA,1,NA,NA,NA,NA
public_SRR14722289_concoct_bin.0.fa,95.0270121559203,NA,NA,NA,NA,NA,124_3,NA,NA,2,99.18,99.18,NA,NA
public_SRR14721979_metabat2_bin.1.fa,90.20901530629516,NA,NA,NA,NA,NA,124_4,NA,NA,1,NA,NA,NA,NA
public_SRR14722310_metabat2_bin.3.fa,92.85419334383342,NA,NA,NA,NA,NA,124_5,NA,NA,1,NA,NA,NA,NA
public_SRR14722000_concoct_merged.0.fa,87.13929566341002,NA,NA,NA,NA,NA,124_6,NA,NA,1,NA,NA,NA,NA
public_SRR14722151_metabat2_bin.3.fa,91.2795217498016,NA,NA,NA,NA,NA,124_7,NA,NA,1,NA,NA,NA,NA
public_SRR14722028_metabat2_bin.1.fa,91.1104463681458,NA,NA,NA,NA,NA,124_8,NA,NA,2,95.64,95.64,NA,NA
public_SRR14722139_metabat2_bin.5.fa,95.7041932375812,NA,NA,NA,NA,NA,124_9,NA,NA,3,98.64,95.19,NA,NA
public_SRR14721943_metabat2_bin.1.fa,95.71208570434524,NA,NA,NA,NA,NA,124_10,NA,NA,3,96.24,96.21,NA,NA
public_SRR14721956_metabat2_bin.3.fa,89.39051191101579,NA,NA,NA,NA,NA,124_11,NA,NA,1,NA,NA,NA,NA
public_SRR14722174_metabat2_bin.2.fa,92.0875221976292,NA,NA,NA,NA,NA,124_12,NA,NA,1,NA,NA,NA,NA
public_SRR14722166_concoct_bin.2.fa,92.1626004226382,NA,NA,NA,NA,NA,124_13,NA,NA,1,NA,NA,NA,NA
public_SRR14722168_metabat2_bin.6.fa,93.2678716413188,NA,NA,NA,NA,NA,124_14,NA,NA,1,NA,NA,NA,NA
public_SRR14722130_metabat2_bin.9.fa,86.88545340682718,NA,NA,NA,NA,NA,124_15,NA,NA,1,NA,NA,NA,NA
public_SRR14721935_metabat2_bin.5.fa,90.55728881350008,NA,NA,NA,NA,NA,124_16,NA,NA,1,NA,NA,NA,NA
private_VT16_concoct_bin.11.fa,98.73695727387404,NA,NA,NA,NA,NA,124_17,NA,NA,2,95.16,95.16,NA,NA
public_SRR14722169_metabat2_bin.6.fa,94.3602042500448,NA,NA,NA,NA,NA,124_18,NA,NA,1,NA,NA,NA,NA
public_SRR14722038_metabat2_bin.1.fa,95.1651341833162,NA,NA,NA,NA,NA,124_19,NA,NA,1,NA,NA,NA,NA
public_SRR12240178_metabat2_bin.6.fa,97.48351777549249,NA,NA,NA,NA,NA,124_20,NA,NA,11,96.42,95.12,NA,NA
public_SRR13126828_metabat2_bin.1.fa,94.910199494483,NA,NA,NA,NA,NA,124_21,NA,NA,3,95.02,95.01,NA,NA
public_SRR13126859_metabat2_bin.7.fa,97.09494174466774,NA,NA,NA,NA,NA,124_22,NA,NA,1,NA,NA,NA,NA
public_SRR14722106_metabat2_bin.2.fa,95.31932874666096,NA,NA,NA,NA,NA,124_23,NA,NA,2,95.79,95.79,NA,NA
public_SRR14722004_metabat2_bin.1.fa,93.60128858046026,NA,NA,NA,NA,NA,124_24,NA,NA,1,NA,NA,NA,NA
public_SRR14722006_metabat2_bin.2.fa,93.6039772154654,NA,NA,NA,NA,NA,124_25,NA,NA,1,NA,NA,NA,NA
public_SRR14721927_metabat2_bin.2.fa,95.51235836370024,NA,NA,NA,NA,NA,124_26,NA,NA,1,NA,NA,NA,NA
private_T1914_metabat2_bin.5.fa,97.32646835910158,NA,NA,NA,NA,NA,125_0,NA,NA,1,NA,NA,NA,NA
public_SRR14722197_metabat2_bin.3.fa,89.54997287943718,NA,NA,NA,NA,NA,126_1,NA,NA,2,98.91,98.91,NA,NA
public_SRR14722161_metabat2_bin.6.fa,95.4499883618163,NA,NA,NA,NA,NA,126_2,NA,NA,1,NA,NA,NA,NA
public_SRR1531545_concoct_bin.10.fa,96.19093157334888,NA,NA,NA,NA,NA,126_3,NA,NA,1,NA,NA,NA,NA
public_SRR14722145_metabat2_bin.10.fa,88.22605704245348,NA,NA,NA,NA,NA,126_4,NA,NA,1,NA,NA,NA,NA
public_SRR14721954_metabat2_bin.3.fa,81.77255809751095,NA,NA,NA,NA,NA,127_0,NA,NA,1,NA,NA,NA,NA
public_SRR14722288_metabat2_bin.3.fa,96.74395875885148,NA,NA,NA,NA,NA,128_1,NA,NA,1,NA,NA,NA,NA
public_SRR1531517_concoct_bin.16.fa,100.422242370488,NA,NA,NA,NA,NA,128_2,NA,NA,1,NA,NA,NA,NA
public_SRR14722279_metabat2_bin.4.fa,96.70939874302302,NA,NA,NA,NA,NA,129_0,NA,NA,1,NA,NA,NA,NA
public_SRR14721973_metabat2_bin.2.fa,77.36094773683392,NA,NA,NA,NA,NA,130_0,NA,NA,1,NA,NA,NA,NA
public_SRR14721926_metabat2_bin.3.fa,93.39634534739032,NA,NA,NA,NA,NA,131_0,NA,NA,1,NA,NA,NA,NA
public_SRR14721929_metabat2_bin.13.fa,94.53959230207592,NA,NA,NA,NA,NA,132_0,NA,NA,1,NA,NA,NA,NA
public_SRR13685158_concoct_merged.0.fa,89.71836214714901,NA,NA,NA,NA,NA,133_1,NA,NA,2,99.72,99.72,NA,NA
public_SRR14722037_metabat2_bin.2.fa,92.20009311895818,NA,NA,NA,NA,NA,134_0,NA,NA,1,NA,NA,NA,NA
public_SRR14722280_metabat2_bin.4.fa,97.1992071074006,NA,NA,NA,NA,NA,135_0,NA,NA,1,NA,NA,NA,NA
public_SRR14722281_metabat2_bin.1.fa,95.28507747248356,NA,NA,NA,NA,NA,136_0,NA,NA,1,NA,NA,NA,NA
public_SRR14722222_metabat2_bin.6.fa,96.3000107951848,NA,NA,NA,NA,NA,137_0,NA,NA,1,NA,NA,NA,NA
public_SRR14722312_concoct_bin.10.fa,93.65112159162466,NA,NA,NA,NA,NA,138_0,NA,NA,1,NA,NA,NA,NA
public_SRR14722318_metabat2_bin.2.fa,93.97795875325504,NA,NA,NA,NA,NA,139_0,NA,NA,1,NA,NA,NA,NA
public_SRR14721986_metabat2_bin.4.fa,91.72998723126524,NA,NA,NA,NA,NA,140_1,NA,NA,1,NA,NA,NA,NA
public_SRR14721990_metabat2_bin.6.fa,94.83301013960228,NA,NA,NA,NA,NA,140_2,NA,NA,1,NA,NA,NA,NA
public_SRR14722092_concoct_merged.0.fa,84.43273506649082,NA,NA,NA,NA,NA,141_1,NA,NA,1,NA,NA,NA,NA
public_SRR14722181_concoct_bin.9.fa,91.41597885626712,NA,NA,NA,NA,NA,141_2,NA,NA,1,NA,NA,NA,NA
public_SRR14722039_metabat2_bin.7.fa,88.40681310313647,NA,NA,NA,NA,NA,141_3,NA,NA,1,NA,NA,NA,NA
public_SRR14722085_metabat2_bin.6.fa,92.81453031456246,NA,NA,NA,NA,NA,142_1,NA,NA,2,99.89,99.89,NA,NA
public_SRR14721933_metabat2_bin.1.fa,97.50581052381366,NA,NA,NA,NA,NA,143_0,NA,NA,1,NA,NA,NA,NA
public_SRR14721984_concoct_merged.0.fa,84.78149481998767,NA,NA,NA,NA,NA,144_1,NA,NA,2,98.32,98.32,NA,NA
public_SRR14722010_metabat2_bin.2.fa,82.31445798922692,NA,NA,NA,NA,NA,145_0,NA,NA,1,NA,NA,NA,NA
public_SRR14722067_metabat2_bin.8.fa,78.24095962121812,NA,NA,NA,NA,NA,146_0,NA,NA,1,NA,NA,NA,NA
public_SRR14722136_concoct_merged.0.fa,85.70603862848473,NA,NA,NA,NA,NA,147_0,NA,NA,1,NA,NA,NA,NA
public_SRR14722330_concoct_merged.0.fa,83.8494121193387,NA,NA,NA,NA,NA,148_0,NA,NA,1,NA,NA,NA,NA
public_SRR14721949_concoct_bin.4.fa,89.37856424584736,NA,NA,NA,NA,NA,149_1,NA,NA,3,97.59,96.80,NA,NA
public_SRR14722278_concoct_bin.6.fa,91.7468822163822,NA,NA,NA,NA,NA,149_2,NA,NA,1,NA,NA,NA,NA
public_SRR14722024_concoct_bin.3.fa,87.59579216967994,NA,NA,NA,NA,NA,149_3,NA,NA,1,NA,NA,NA,NA
public_SRR12240183_metabat2_bin.10.fa,101.12775795649922,NA,NA,NA,NA,NA,150_1,NA,NA,1,NA,NA,NA,NA
public_SRR1532736_concoct_bin.13.fa,78.47131083576159,NA,NA,NA,NA,NA,150_2,NA,NA,1,NA,NA,NA,NA
public_SRR14721942_metabat2_bin.2.fa,96.66031206009362,NA,NA,NA,NA,NA,151_0,NA,NA,1,NA,NA,NA,NA
public_SRR14722128_metabat2_bin.9.fa,95.25525541908364,NA,NA,NA,NA,NA,152_0,NA,NA,1,NA,NA,NA,NA
private_T1889_concoct_bin.16.fa,88.62518986250493,NA,NA,NA,NA,NA,153_1,NA,NA,1,NA,NA,NA,NA
public_SRR14722135_metabat2_bin.5.fa,79.86190529754906,NA,NA,NA,NA,NA,153_2,NA,NA,1,NA,NA,NA,NA
public_SRR14722152_metabat2_bin.2.fa,66.8276413189991,NA,NA,NA,NA,NA,153_3,NA,NA,1,NA,NA,NA,NA
public_SRR14722188_concoct_bin.30.fa,100.22963575590306,NA,NA,NA,NA,NA,154_1,NA,NA,2,98.60,98.60,NA,NA
private_T1894_concoct_bin.66.fa,79.28091477230464,NA,NA,NA,NA,NA,155_1,NA,NA,2,99.64,99.64,NA,NA
public_SRR14722042_metabat2_bin.4.fa,56.17188300006696,NA,NA,NA,NA,NA,155_2,NA,NA,1,NA,NA,NA,NA
public_SRR11456919_concoct_bin.22.fa,88.93686667554819,NA,NA,NA,NA,NA,156_1,NA,NA,1,NA,NA,NA,NA
public_SRR13685159_concoct_merged.0.fa,99.02772624644165,NA,NA,NA,NA,NA,156_2,NA,NA,1,NA,NA,NA,NA
public_SRR11456915_concoct_bin.5.fa,71.90098863161805,NA,NA,NA,NA,NA,157_0,NA,NA,1,NA,NA,NA,NA
public_ERR4179390_concoct_bin.45.fa,88.46569693756784,NA,NA,NA,NA,NA,158_0,NA,NA,1,NA,NA,NA,NA
public_SRR14722177_metabat2_bin.9.fa,66.82393884728998,NA,NA,NA,NA,NA,159_0,NA,NA,1,NA,NA,NA,NA
public_SRR14721929_concoct_bin.20.fa,62.50404897316263,NA,NA,NA,NA,NA,160_0,NA,NA,1,NA,NA,NA,NA
public_SRR14722116_metabat2_bin.5.fa,64.53824162791683,NA,NA,NA,NA,NA,161_1,NA,NA,1,NA,NA,NA,NA
public_SRR14722120_metabat2_bin.4.fa,52.09034901484882,NA,NA,NA,NA,NA,161_2,NA,NA,1,NA,NA,NA,NA
private_T1882_metabat2_merged.0.fa,68.79420287008787,NA,NA,NA,NA,NA,162_1,NA,NA,1,NA,NA,NA,NA
private_X11_concoct_bin.15.fa,70.21188379164839,NA,NA,NA,NA,NA,162_2,NA,NA,1,NA,NA,NA,NA
private_T1912_concoct_bin.0.fa,62.32161172574322,NA,NA,NA,NA,NA,163_0,NA,NA,1,NA,NA,NA,NA
private_X10_concoct_bin.7.fa,67.0470243251299,NA,NA,NA,NA,NA,164_0,NA,NA,1,NA,NA,NA,NA
public_SRR7232212_concoct_bin.0.fa,68.58590919080584,NA,NA,NA,NA,NA,165_1,NA,NA,1,NA,NA,NA,NA
public_SRR7232213_concoct_bin.0.fa,70.63020202736497,NA,NA,NA,NA,NA,165_2,NA,NA,1,NA,NA,NA,NA
public_SRR7232214_concoct_bin.9.fa,67.61282965490082,NA,NA,NA,NA,NA,165_3,NA,NA,1,NA,NA,NA,NA
public_ERR4179390_concoct_bin.75.fa,99.5190686359158,NA,NA,NA,NA,NA,166_0,NA,NA,1,NA,NA,NA,NA
private_TS1974_concoct_bin.29.fa,76.28604237751469,NA,NA,NA,NA,NA,167_1,NA,NA,2,97.20,97.20,NA,NA
private_GTX0161_concoct_bin.0.fa,77.12096183380548,NA,NA,NA,NA,NA,167_2,NA,NA,1,NA,NA,NA,NA
private_X1_metabat2_bin.11.fa,74.5032965218417,NA,NA,NA,NA,NA,168_1,NA,NA,2,98.83,98.83,NA,NA
private_T1904_concoct_bin.38.fa,79.54428384305095,NA,NA,NA,NA,NA,168_2,NA,NA,5,99.59,97.91,NA,NA
public_SRR5808932_metabat2_bin.2.fa,72.08235999222045,NA,NA,NA,NA,NA,168_3,NA,NA,1,NA,NA,NA,NA
public_SRR7232211_concoct_bin.8.fa,75.90351617981605,NA,NA,NA,NA,NA,168_4,NA,NA,1,NA,NA,NA,NA
public_SRR2387885_metabat2_bin.2.fa,89.56859586828757,NA,NA,NA,NA,NA,168_5,NA,NA,1,NA,NA,NA,NA
private_X2_concoct_bin.1.fa,70.25262805813149,NA,NA,NA,NA,NA,169_1,NA,NA,1,NA,NA,NA,NA
public_SRR13125477_metabat2_bin.13.fa,63.651708722601086,NA,NA,NA,NA,NA,169_2,NA,NA,1,NA,NA,NA,NA
private_GTX0163_concoct_bin.46.fa,68.18875785239938,NA,NA,NA,NA,NA,170_0,NA,NA,1,NA,NA,NA,NA
public_SRR1532736_concoct_bin.20.fa,50.84159938698431,NA,NA,NA,NA,NA,171_0,NA,NA,1,NA,NA,NA,NA
public_SRR14722143_metabat2_bin.4.fa,93.39077927475786,NA,NA,NA,NA,NA,172_0,NA,NA,1,NA,NA,NA,NA
public_SRR7232212_concoct_bin.12.fa,96.67040046129776,NA,NA,NA,NA,NA,173_0,NA,NA,1,NA,NA,NA,NA
