fasta,completeness,contamination,BUSCO_C,BUSCO_M,BUSCO_D,BUSCO_S,BUSCO_F,BUSCO_n,BUSCO_lineage,N50,bp,contigs
private_GTX0158_concoct_bin.31.fa,100.0,0.0,97.7,2.0,0.3,97.4,0.3,1706,ascomycota_odb10,608695,23838662,68
private_GTX0161_concoct_bin.0.fa,94.6,3.8,91.3,5.9,1.0,90.3,2.8,1519,chlorophyta_odb10,87483,57477754,1147
private_GTX0161_concoct_merged.0.fa,88.35,0.38,87.1,12.1,0.6,86.5,0.8,1706,ascomycota_odb10,71343,57027747,1376
private_GTX0163_concoct_bin.14.fa,98.87,0.0,96.1,3.5,0.5,95.6,0.4,1706,ascomycota_odb10,255290,32085414,195
private_GTX0163_concoct_bin.46.fa,94.8,5.6,88.1,8.3,0.5,87.6,3.6,1519,chlorophyta_odb10,47590,58699984,2013
private_T1867_concoct_bin.8.fa,98.87,0.38,95.5,3.9,0.4,95.1,0.6,1706,ascomycota_odb10,177170,24754787,229
private_T1868_concoct_bin.12.fa,100.0,0.0,97.1,2.3,0.3,96.8,0.6,1706,ascomycota_odb10,213794,23887801,178
private_T1881_metabat2_bin.5.fa,96.99,0.0,91.7,7.0,0.5,91.2,1.3,1706,ascomycota_odb10,58653,22810638,618
private_T1882_concoct_bin.24.fa,100.0,0.0,97.8,2.0,0.8,97.0,0.2,1706,ascomycota_odb10,157981,23645587,253
private_T1882_metabat2_merged.0.fa,83.6,3.2,83.8,11.1,0.7,83.1,5.1,1519,chlorophyta_odb10,19427,62479348,4587
private_T1887_metabat2_bin.36.fa,92.48,0.0,93.7,5.9,0.5,93.2,0.4,1706,ascomycota_odb10,117092,24064483,300
private_T1888_metabat2_bin.51.fa,99.62,0.0,,,,,,,,232694,25635390,202
private_T1888_metabat2_bin.52.fa,97.74,0.0,90.9,6.4,0.4,90.5,2.7,3546,eurotiomycetes_odb10,30062,29924716,1420
private_T1889_concoct_bin.13.fa,98.87,0.0,96.6,2.6,0.3,96.3,0.8,1706,ascomycota_odb10,95278,24831450,452
private_T1889_concoct_bin.16.fa,97.87,2.13,83.5,11.6,0.3,83.2,4.9,1519,chlorophyta_odb10,51331,40608534,1255
private_T1894_concoct_bin.66.fa,97.87,4.26,89.4,6.8,1.1,88.3,3.8,1519,chlorophyta_odb10,213364,44449598,396
private_T1894_metabat2_bin.4.fa,96.62,0.0,96.1,3.4,0.6,95.5,0.5,1706,ascomycota_odb10,162028,22054922,209
private_T1904_concoct_bin.11.fa,89.1,1.5,82.6,12.3,0.4,82.2,5.1,3546,eurotiomycetes_odb10,11343,26722152,3093
private_T1904_concoct_bin.38.fa,95.2,3.6,88.7,7.6,0.6,88.1,3.7,1519,chlorophyta_odb10,40405,60571648,2306
private_T1904_metabat2_bin.21.fa,96.99,0.38,95.6,3.9,0.5,95.1,0.5,1706,ascomycota_odb10,67414,26273779,642
private_T1912_concoct_bin.0.fa,91.0,6.0,87.4,7.9,0.7,86.7,4.7,1519,chlorophyta_odb10,34932,55932432,2470
private_T1912_concoct_bin.14.fa,93.98,0.0,90.4,9.4,0.4,90.0,0.2,1706,ascomycota_odb10,39074,30118458,1228
private_T1914_concoct_bin.19.fa,98.87,0.38,86.9,8.4,0.3,86.6,4.7,3546,eurotiomycetes_odb10,50356,27996602,838
private_T1914_metabat2_bin.5.fa,97.74,0.38,95.9,3.6,0.8,95.1,0.5,1706,ascomycota_odb10,74634,38065376,818
private_T1916_concoct_bin.29.fa,99.25,0.0,95.0,4.4,1.2,93.8,0.6,1706,ascomycota_odb10,144284,34960352,348
private_TS1974_concoct_bin.10.fa,98.87,0.0,96.5,3.1,0.7,95.8,0.4,1706,ascomycota_odb10,225460,33623393,221
private_TS1974_concoct_bin.29.fa,92.8,3.8,91.1,5.6,0.5,90.6,3.3,1519,chlorophyta_odb10,84728,57915726,1157
private_VT12_concoct_bin.10.fa,97.74,0.0,95.1,4.4,0.1,95.0,0.5,1706,ascomycota_odb10,179500,35490453,290
private_VT15_metabat2_bin.1.fa,97.37,0.0,95.7,3.9,0.5,95.2,0.4,1706,ascomycota_odb10,170700,38001697,326
private_VT16_concoct_bin.11.fa,98.12,0.38,94.5,5.0,0.5,94.0,0.5,1706,ascomycota_odb10,107309,35374370,514
private_VT19_concoct_bin.7.fa,90.98,0.0,89.4,9.9,0.5,88.9,0.7,1706,ascomycota_odb10,240478,40208408,256
private_VT22_concoct_bin.7.fa,88.35,0.0,84.9,14.5,0.3,84.6,0.6,1706,ascomycota_odb10,118960,28225289,393
private_VT2_concoct_bin.17.fa,95.86,0.38,94.4,5.3,0.9,93.5,0.3,1706,ascomycota_odb10,231578,38832912,237
private_VT31_metabat2_bin.4.fa,96.99,0.0,93.7,5.7,0.4,93.3,0.6,1706,ascomycota_odb10,104224,35051463,534
private_VT33_concoct_bin.0.fa,96.62,0.75,94.5,5.1,2.1,92.4,0.4,1706,ascomycota_odb10,184062,36233533,295
private_VT34_metabat2_bin.11.fa,97.37,0.0,93.9,5.2,0.2,93.7,0.9,1706,ascomycota_odb10,98421,23060245,441
private_VT38_concoct_bin.3.fa,86.09,0.0,81.2,18.2,0.6,80.6,0.6,1706,ascomycota_odb10,85163,25667219,413
private_X10_concoct_bin.0.fa,86.09,0.75,85.7,13.6,0.5,85.2,0.7,1706,ascomycota_odb10,69042,31690061,672
private_X10_concoct_bin.7.fa,95.6,6.0,90.8,6.0,0.8,90.0,3.2,1519,chlorophyta_odb10,62237,61204277,1713
private_X11_concoct_bin.15.fa,93.0,4.8,84.6,10.5,0.5,84.1,4.9,1519,chlorophyta_odb10,21075,59630297,4225
private_X11_metabat2_bin.10.fa,93.61,0.38,91.8,7.6,0.6,91.2,0.6,1706,ascomycota_odb10,95010,24878815,398
private_X12_concoct_bin.4.fa,84.59,0.0,81.4,17.9,1.1,80.3,0.7,1706,ascomycota_odb10,120336,31580949,397
private_X13_concoct_bin.5.fa,99.25,0.0,97.2,2.3,0.3,96.9,0.5,1706,ascomycota_odb10,179572,23711382,216
private_X14_concoct_bin.2.fa,98.12,0.38,95.2,4.1,0.4,94.8,0.7,1706,ascomycota_odb10,38994,35839814,1395
private_X15_concoct_bin.2.fa,98.5,0.75,96.4,3.1,0.5,95.9,0.5,1706,ascomycota_odb10,37598,21148796,933
private_X16_concoct_bin.2.fa,97.37,0.0,95.1,3.3,0.4,94.7,1.6,1706,ascomycota_odb10,125427,24447381,308
private_X1_concoct_bin.0.fa,77.6,0.4,75.9,16.7,0.1,75.8,7.4,4284,tremellomycetes_odb10,11426,16642605,1909
private_X1_concoct_bin.13.fa,98.5,0.0,95.0,4.5,0.5,94.5,0.5,1706,ascomycota_odb10,114305,34883038,423
private_X1_metabat2_bin.11.fa,93.2,4.2,88.0,7.9,0.3,87.7,4.1,1519,chlorophyta_odb10,33878,59375272,2643
private_X2_concoct_bin.0.fa,96.24,0.0,93.2,5.9,0.4,92.8,0.9,1706,ascomycota_odb10,91007,36596510,737
private_X2_concoct_bin.1.fa,93.8,5.0,88.7,7.6,0.7,88.0,3.7,1519,chlorophyta_odb10,63864,67285532,1933
private_X3_concoct_bin.10.fa,99.62,0.75,96.5,2.7,0.8,95.7,0.8,1706,ascomycota_odb10,219403,32638814,222
private_X4_concoct_bin.17.fa,90.6,0.0,90.3,8.8,0.2,90.1,0.9,1706,ascomycota_odb10,43309,26109501,882
private_X5_concoct_bin.21.fa,92.86,0.0,91.4,8.0,0.4,91.0,0.6,1706,ascomycota_odb10,29602,25436447,1168
private_X8_concoct_bin.23.fa,98.12,0.0,96.4,2.9,0.4,96.0,0.7,1706,ascomycota_odb10,75784,26420366,550
private_X8_metabat2_bin.7.fa,65.4,0.2,60.6,31.7,0.1,60.5,7.7,4284,tremellomycetes_odb10,7601,15245811,2329
private_X9_concoct_bin.20.fa,93.23,0.0,90.4,9.2,0.4,90.0,0.4,1706,ascomycota_odb10,82979,33069491,570
public_ERR4179390_concoct_bin.45.fa,97.87,2.13,81.8,13.8,0.7,81.1,4.4,1519,chlorophyta_odb10,24626,51114057,2838
public_ERR4179390_concoct_bin.75.fa,97.87,0.0,83.8,11.6,0.3,83.5,4.6,1519,chlorophyta_odb10,157811,39633693,445
public_ERR4179390_metabat2_bin.28.fa,96.62,0.38,95.2,4.0,0.8,94.4,0.8,1706,ascomycota_odb10,25646,46620885,2527
public_ERR4179390_metabat2_bin.6.fa,84.59,0.0,77.4,17.8,0.1,77.3,4.8,1706,ascomycota_odb10,11025,18482457,2112
public_SRR11456914_concoct_merged.0.fa,98.87,0.75,97.2,2.3,1.0,96.2,0.5,1706,ascomycota_odb10,44803,72131769,2838
public_SRR11456915_concoct_bin.5.fa,91.49,4.26,91.8,5.5,0.5,91.3,2.7,1519,chlorophyta_odb10,209883,47368747,401
public_SRR11456915_metabat2_merged.0.fa,95.86,3.38,95.2,4.3,1.6,93.6,0.5,1706,ascomycota_odb10,23392,88820417,5641
public_SRR11456917_metabat2_merged.0.fa,98.87,0.38,96.7,2.7,1.0,95.7,0.6,1706,ascomycota_odb10,24562,82784608,4792
public_SRR11456918_metabat2_merged.0.fa,99.25,0.75,96.5,2.7,1.6,94.9,0.8,1706,ascomycota_odb10,34013,73926494,3393
public_SRR11456919_concoct_bin.22.fa,97.87,2.13,91.9,5.5,0.5,91.4,2.6,1519,chlorophyta_odb10,215642,48121382,408
public_SRR11456919_metabat2_bin.15.fa,99.25,1.5,96.4,3.2,1.6,94.8,0.4,1706,ascomycota_odb10,50471,93724474,3351
public_SRR11456921_metabat2_merged.0.fa,98.5,1.13,96.1,3.4,1.1,95.0,0.5,1706,ascomycota_odb10,95171,98573368,2350
public_SRR11456923_metabat2_merged.0.fa,91.35,0.0,88.0,11.5,0.8,87.2,0.5,1706,ascomycota_odb10,46550,130535317,4665
public_SRR12240178_metabat2_bin.6.fa,96.99,0.38,92.0,6.8,0.6,91.4,1.2,1706,ascomycota_odb10,59095,29901407,699
public_SRR12240181_metabat2_bin.5.fa,96.24,0.38,94.4,5.2,0.4,94.0,0.4,1706,ascomycota_odb10,109725,33269822,493
public_SRR12240182_metabat2_bin.7.fa,100.0,0.0,96.4,3.2,0.3,96.1,0.4,1706,ascomycota_odb10,198594,31599184,243
public_SRR12240183_metabat2_bin.10.fa,99.62,0.0,97.4,2.0,0.2,97.2,0.6,1706,ascomycota_odb10,82322,34488242,658
public_SRR12240184_concoct_bin.17.fa,79.7,0.75,68.0,21.1,0.1,67.9,10.9,1706,ascomycota_odb10,6584,26941752,4807
public_SRR12240185_concoct_bin.1.fa,97.37,1.5,95.6,3.9,1.8,93.8,0.5,1706,ascomycota_odb10,107703,34534459,586
public_SRR13125477_concoct_bin.14.fa,97.74,0.0,93.6,5.9,0.3,93.3,0.5,1706,ascomycota_odb10,226306,30483605,208
public_SRR13125477_metabat2_bin.13.fa,84.6,4.4,72.8,20.2,0.4,72.4,7.0,1519,chlorophyta_odb10,10079,60258601,7429
public_SRR13125762_concoct_bin.37.fa,93.23,0.38,87.5,11.1,0.3,87.2,1.4,1706,ascomycota_odb10,16009,28326182,2112
public_SRR13126828_metabat2_bin.1.fa,92.86,0.0,87.4,10.0,0.4,87.0,2.6,1706,ascomycota_odb10,12594,30836724,3195
public_SRR13126859_metabat2_bin.7.fa,95.86,0.0,90.4,7.3,0.5,89.9,2.3,1706,ascomycota_odb10,23436,29552732,1736
public_SRR13685140_metabat2_bin.1.fa,90.23,0.0,81.2,14.6,0.1,81.1,4.2,1706,ascomycota_odb10,22243,22898054,1330
public_SRR13685158_concoct_merged.0.fa,87.59,0.0,85.4,11.0,0.1,85.3,3.6,1706,ascomycota_odb10,14530,30235036,2731
public_SRR13685159_concoct_merged.0.fa,97.87,0.0,85.3,9.1,0.3,85.0,5.6,1519,chlorophyta_odb10,16423,45368639,3883
public_SRR13685162_metabat2_bin.2.fa,90.23,0.0,82.9,12.8,0.2,82.7,4.3,1706,ascomycota_odb10,10587,30437628,3488
public_SRR13685164_concoct_bin.7.fa,89.47,0.0,85.2,13.0,0.4,84.8,1.8,1706,ascomycota_odb10,16941,29939518,2166
public_SRR13685165_metabat2_bin.3.fa,91.73,0.0,84.0,13.0,0.4,83.6,3.0,1706,ascomycota_odb10,13859,31243966,2791
public_SRR14721922_metabat2_bin.4.fa,93.61,0.0,88.1,9.0,0.6,87.5,2.9,1706,ascomycota_odb10,18887,30284861,2038
public_SRR14721923_metabat2_bin.2.fa,88.72,0.0,83.9,12.0,0.3,83.6,4.1,1706,ascomycota_odb10,20211,29526551,1940
public_SRR14721926_metabat2_bin.3.fa,93.98,0.38,91.3,6.4,0.4,90.9,2.3,1706,ascomycota_odb10,34095,32290860,1356
public_SRR14721927_metabat2_bin.2.fa,94.36,0.0,89.8,8.1,0.3,89.5,2.1,1706,ascomycota_odb10,16022,33215599,2715
public_SRR14721929_concoct_bin.20.fa,61.65,0.0,44.3,45.3,0.0,44.3,10.4,3546,eurotiomycetes_odb10,4056,12174069,3141
public_SRR14721929_metabat2_bin.13.fa,93.23,0.0,90.2,8.0,0.3,89.9,1.8,1706,ascomycota_odb10,33051,32096707,1343
public_SRR14721932_concoct_bin.34.fa,85.71,0.0,83.1,14.0,0.6,82.5,2.9,1706,ascomycota_odb10,23858,28320957,1524
public_SRR14721933_metabat2_bin.1.fa,96.24,0.0,83.7,12.2,0.4,83.3,4.1,3786,dothideomycetes_odb10,27016,28341076,1498
public_SRR14721935_metabat2_bin.5.fa,91.35,0.38,85.1,11.1,0.2,84.9,3.8,1706,ascomycota_odb10,13019,30687529,2938
public_SRR14721936_concoct_merged.0.fa,73.68,0.75,62.9,26.2,0.2,62.7,10.9,1706,ascomycota_odb10,6077,23152140,4450
public_SRR14721937_metabat2_bin.4.fa,97.37,0.38,87.5,8.9,0.4,87.1,3.6,3546,eurotiomycetes_odb10,21316,25566584,1616
public_SRR14721939_concoct_merged.0.fa,81.2,0.38,69.4,22.0,0.3,69.1,8.6,1706,ascomycota_odb10,6321,24980457,4680
public_SRR14721941_concoct_bin.5.fa,86.84,0.38,78.5,16.8,0.5,78.0,4.7,1706,ascomycota_odb10,14753,26374195,2241
public_SRR14721942_metabat2_bin.2.fa,95.49,0.0,89.5,8.3,0.2,89.3,2.2,1706,ascomycota_odb10,17403,32030579,2499
public_SRR14721943_metabat2_bin.1.fa,93.61,0.0,89.6,7.5,0.5,89.1,2.9,1706,ascomycota_odb10,15124,31682591,2728
public_SRR14721944_concoct_merged.0.fa,75.19,0.75,67.3,25.5,0.4,66.9,7.2,1706,ascomycota_odb10,5543,21879680,4504
public_SRR14721946_metabat2_bin.2.fa,89.85,0.0,86.9,9.9,0.1,86.8,3.2,1706,ascomycota_odb10,17039,24216471,1845
public_SRR14721947_metabat2_bin.6.fa,93.98,0.0,88.4,9.4,0.2,88.2,2.2,1706,ascomycota_odb10,19141,31983833,2162
public_SRR14721948_concoct_merged.0.fa,93.98,0.38,86.4,8.9,0.5,85.9,4.7,1706,ascomycota_odb10,13599,29695316,2831
public_SRR14721949_concoct_bin.4.fa,89.1,0.38,83.2,13.6,0.5,82.7,3.2,1706,ascomycota_odb10,20570,28100536,1884
public_SRR14721950_metabat2_bin.6.fa,90.98,0.0,83.4,11.4,0.5,82.9,5.2,1706,ascomycota_odb10,19323,20843906,1599
public_SRR14721952_concoct_merged.0.fa,86.47,0.0,81.3,14.0,0.4,80.9,4.7,1706,ascomycota_odb10,11006,29208772,3739
public_SRR14721953_concoct_bin.46.fa,57.14,0.0,53.0,35.6,0.0,53.0,11.4,1706,ascomycota_odb10,4150,16849686,4346
public_SRR14721954_metabat2_bin.3.fa,80.83,0.0,71.1,22.3,0.3,70.8,6.6,1706,ascomycota_odb10,6097,21050370,3967
public_SRR14721956_metabat2_bin.3.fa,90.23,0.38,82.7,13.0,0.3,82.4,4.3,1706,ascomycota_odb10,10496,31212012,3611
public_SRR14721957_metabat2_bin.1.fa,72.93,1.13,66.6,25.7,0.2,66.4,7.7,1706,ascomycota_odb10,5242,13010775,2725
public_SRR14721959_metabat2_bin.2.fa,91.73,0.38,88.1,9.0,0.4,87.7,2.9,1706,ascomycota_odb10,18717,18791956,1512
public_SRR14721960_metabat2_bin.2.fa,92.86,0.0,86.9,9.8,0.3,86.6,3.3,1706,ascomycota_odb10,15335,24608064,2130
public_SRR14721962_metabat2_bin.6.fa,77.07,0.38,74.3,21.7,0.4,73.9,4.0,1706,ascomycota_odb10,14023,22076511,2068
public_SRR14721964_metabat2_bin.3.fa,92.86,1.13,86.9,10.1,0.4,86.5,3.0,1706,ascomycota_odb10,15344,25555617,2253
public_SRR14721965_metabat2_bin.1.fa,90.6,0.0,85.5,11.3,0.4,85.1,3.2,1706,ascomycota_odb10,17279,29021755,2278
public_SRR14721966_metabat2_bin.6.fa,93.98,0.0,86.6,9.8,0.2,86.4,3.6,1706,ascomycota_odb10,24822,23364708,1246
public_SRR14721968_concoct_bin.6.fa,83.08,0.38,68.4,24.0,0.1,68.3,7.6,3546,eurotiomycetes_odb10,6689,20394191,3537
public_SRR14721970_metabat2_bin.1.fa,93.61,0.38,88.1,8.7,0.2,87.9,3.2,1706,ascomycota_odb10,22759,31270501,1867
public_SRR14721971_concoct_merged.0.fa,82.71,0.0,73.5,18.6,0.2,73.3,7.9,1706,ascomycota_odb10,10985,22677464,2780
public_SRR14721973_metabat2_bin.2.fa,80.08,0.75,75.3,17.3,0.2,75.1,7.4,1706,ascomycota_odb10,9160,34874262,4628
public_SRR14721974_metabat2_bin.1.fa,90.6,0.0,84.3,12.8,0.2,84.1,2.9,1706,ascomycota_odb10,10111,25397939,3213
public_SRR14721977_metabat2_bin.1.fa,56.02,0.0,49.7,38.9,0.2,49.5,11.4,1706,ascomycota_odb10,6320,17433853,3182
public_SRR14721978_concoct_merged.0.fa,82.33,1.13,75.1,20.6,0.6,74.5,4.3,1706,ascomycota_odb10,8636,25185608,3928
public_SRR14721979_metabat2_bin.1.fa,90.98,0.38,87.8,9.2,0.6,87.2,3.0,1706,ascomycota_odb10,14389,34557146,3108
public_SRR14721980_metabat2_bin.4.fa,92.11,0.0,87.7,9.9,0.2,87.5,2.4,1706,ascomycota_odb10,12877,24074817,2378
public_SRR14721982_metabat2_bin.3.fa,96.99,0.0,90.8,7.4,0.2,90.6,1.8,1706,ascomycota_odb10,34474,23745995,962
public_SRR14721983_metabat2_bin.1.fa,92.86,0.0,88.7,8.0,0.3,88.4,3.3,1706,ascomycota_odb10,22355,25048733,1550
public_SRR14721984_concoct_merged.0.fa,88.35,1.13,79.2,16.3,0.5,78.7,4.5,1706,ascomycota_odb10,12493,34017098,3563
public_SRR14721986_metabat2_bin.4.fa,92.48,0.38,89.4,8.6,0.2,89.2,2.0,1706,ascomycota_odb10,15848,28415343,2333
public_SRR14721987_metabat2_bin.1.fa,89.1,0.0,82.6,13.2,0.3,82.3,4.2,1706,ascomycota_odb10,17294,26140875,1985
public_SRR14721990_metabat2_bin.6.fa,93.61,0.0,89.1,8.3,0.2,88.9,2.6,1706,ascomycota_odb10,22183,28467715,1739
public_SRR14721991_concoct_merged.0.fa,90.23,0.0,83.7,10.8,0.2,83.5,5.5,1706,ascomycota_odb10,10682,31028479,3777
public_SRR14721995_metabat2_bin.4.fa,92.48,0.0,88.8,8.8,0.4,88.4,2.4,1706,ascomycota_odb10,12056,31516815,3396
public_SRR14721996_metabat2_bin.8.fa,92.86,0.0,89.0,8.5,0.4,88.6,2.5,1706,ascomycota_odb10,19625,34948523,2409
public_SRR14721999_concoct_bin.2.fa,84.59,0.0,84.4,12.9,0.1,84.3,2.7,1706,ascomycota_odb10,15945,23263670,1720
public_SRR14722000_concoct_merged.0.fa,89.85,0.75,82.1,12.4,0.5,81.6,5.5,1706,ascomycota_odb10,9519,30991706,4072
public_SRR14722002_metabat2_bin.2.fa,92.48,0.0,86.8,10.0,0.4,86.4,3.2,1706,ascomycota_odb10,13070,29099014,2871
public_SRR14722003_metabat2_bin.1.fa,87.59,0.0,84.6,12.6,0.4,84.2,2.8,1706,ascomycota_odb10,16301,24008401,2016
public_SRR14722004_metabat2_bin.1.fa,92.48,0.0,86.2,9.8,0.4,85.8,4.0,1706,ascomycota_odb10,13886,33271660,3097
public_SRR14722005_metabat2_bin.1.fa,93.61,0.38,86.4,10.6,0.2,86.2,3.0,1706,ascomycota_odb10,11110,29113940,3322
public_SRR14722006_metabat2_bin.2.fa,92.48,0.0,86.6,10.1,0.6,86.0,3.3,1706,ascomycota_odb10,14059,33363126,3094
public_SRR14722010_metabat2_bin.2.fa,81.2,0.0,72.5,21.6,0.1,72.4,5.9,1706,ascomycota_odb10,13456,31075743,3002
public_SRR14722012_metabat2_bin.2.fa,94.74,0.0,91.4,5.7,0.5,90.9,2.9,1706,ascomycota_odb10,25125,29791372,1758
public_SRR14722013_metabat2_bin.2.fa,93.98,0.0,89.3,7.9,0.3,89.0,2.8,1706,ascomycota_odb10,24300,26174165,1544
public_SRR14722017_metabat2_bin.2.fa,94.36,0.0,90.3,7.6,0.4,89.9,2.1,1706,ascomycota_odb10,20678,30760831,1892
public_SRR14722018_metabat2_bin.2.fa,58.27,0.38,43.2,46.2,0.2,43.0,10.6,1706,ascomycota_odb10,4355,17385180,4264
public_SRR14722019_concoct_merged.0.fa,89.47,1.13,82.0,12.8,0.4,81.6,5.2,1706,ascomycota_odb10,6158,32096469,6043
public_SRR14722021_metabat2_bin.1.fa,90.6,0.38,84.9,11.5,0.4,84.5,3.6,1706,ascomycota_odb10,11595,30718572,3340
public_SRR14722022_concoct_bin.14.fa,94.74,0.0,86.2,11.3,0.5,85.7,2.5,1706,ascomycota_odb10,15487,31204119,2633
public_SRR14722023_metabat2_bin.5.fa,93.98,0.38,87.9,9.4,0.3,87.6,2.7,1706,ascomycota_odb10,16343,33216096,2676
public_SRR14722024_concoct_bin.3.fa,86.47,0.0,83.4,13.7,0.4,83.0,2.9,1706,ascomycota_odb10,14177,24585898,2181
public_SRR14722026_metabat2_bin.4.fa,93.98,0.0,88.7,9.0,0.5,88.2,2.3,1706,ascomycota_odb10,20170,34279999,2289
public_SRR14722028_metabat2_bin.1.fa,89.1,0.0,80.1,14.4,0.3,79.8,5.5,1706,ascomycota_odb10,10188,30646640,3684
public_SRR14722031_metabat2_bin.3.fa,88.35,0.0,84.4,12.7,0.2,84.2,2.9,1706,ascomycota_odb10,17044,24548484,1864
public_SRR14722032_metabat2_bin.2.fa,98.12,0.0,91.9,6.3,0.4,91.5,1.8,1706,ascomycota_odb10,29322,31179552,1547
public_SRR14722034_metabat2_bin.1.fa,93.98,0.0,88.9,8.8,0.2,88.7,2.3,1706,ascomycota_odb10,15825,32646117,2681
public_SRR14722036_metabat2_bin.1.fa,92.86,0.0,87.6,9.5,0.4,87.2,2.9,1706,ascomycota_odb10,20670,32350195,2109
public_SRR14722037_metabat2_bin.2.fa,90.98,0.0,86.9,9.5,0.1,86.8,3.6,1706,ascomycota_odb10,21887,29315195,1885
public_SRR14722038_metabat2_bin.1.fa,95.86,0.38,91.3,6.6,0.4,90.9,2.1,1706,ascomycota_odb10,20430,33397459,2297
public_SRR14722039_metabat2_bin.7.fa,87.22,0.0,81.9,11.5,0.5,81.4,6.6,1706,ascomycota_odb10,18777,23178609,1639
public_SRR14722041_metabat2_bin.10.fa,92.48,0.75,89.7,8.3,0.4,89.3,2.0,1706,ascomycota_odb10,20597,26702899,1663
public_SRR14722042_metabat2_bin.4.fa,65.96,2.13,40.1,51.5,0.1,40.0,8.4,1519,chlorophyta_odb10,4205,23631243,5915
public_SRR14722042_metabat2_bin.6.fa,87.22,0.0,83.7,13.0,0.3,83.4,3.3,1706,ascomycota_odb10,14189,23754413,2034
public_SRR14722043_metabat2_bin.3.fa,58.65,0.75,48.0,40.5,0.2,47.8,11.5,1706,ascomycota_odb10,4451,22757456,5474
public_SRR14722046_concoct_bin.7.fa,92.48,0.0,92.3,5.7,0.2,92.1,2.0,1706,ascomycota_odb10,23006,27286209,1651
public_SRR14722047_metabat2_bin.3.fa,87.22,0.38,82.6,13.2,0.4,82.2,4.2,1706,ascomycota_odb10,11264,28440486,3338
public_SRR14722049_concoct_bin.8.fa,87.59,0.38,83.9,12.2,0.4,83.5,3.9,1706,ascomycota_odb10,16848,28605651,2134
public_SRR14722050_metabat2_bin.2.fa,86.09,0.0,78.7,17.2,0.2,78.5,4.1,1706,ascomycota_odb10,11097,22900309,2447
public_SRR14722051_metabat2_bin.4.fa,93.98,0.0,89.2,8.3,0.5,88.7,2.5,1706,ascomycota_odb10,19143,25666973,1943
public_SRR14722054_metabat2_bin.5.fa,86.84,0.0,81.9,12.8,0.2,81.7,5.3,1706,ascomycota_odb10,12040,29545193,3123
public_SRR14722058_metabat2_bin.4.fa,83.83,0.38,78.4,17.1,0.3,78.1,4.5,1706,ascomycota_odb10,11971,21476704,2264
public_SRR14722061_metabat2_bin.1.fa,91.35,0.0,86.7,10.7,0.2,86.5,2.6,1706,ascomycota_odb10,16216,28894720,2230
public_SRR14722062_metabat2_bin.2.fa,91.35,0.38,88.1,9.3,0.3,87.8,2.6,1706,ascomycota_odb10,12711,27199670,2652
public_SRR14722063_concoct_bin.10.fa,89.47,0.0,81.6,15.3,0.6,81.0,3.1,1706,ascomycota_odb10,13025,31589493,3045
public_SRR14722064_metabat2_bin.6.fa,88.72,0.0,84.9,12.3,0.5,84.4,2.8,1706,ascomycota_odb10,12858,28137239,2652
public_SRR14722065_metabat2_bin.6.fa,90.23,0.0,82.4,14.1,0.5,81.9,3.5,1706,ascomycota_odb10,14770,24531407,1995
public_SRR14722066_metabat2_bin.7.fa,86.09,0.38,80.6,15.8,0.1,80.5,3.6,1706,ascomycota_odb10,11420,23681804,2505
public_SRR14722067_metabat2_bin.8.fa,78.95,0.38,74.1,20.7,0.3,73.8,5.2,1706,ascomycota_odb10,19139,33073044,2369
public_SRR14722072_concoct_merged.0.fa,87.59,0.38,77.2,15.2,0.4,76.8,7.6,1706,ascomycota_odb10,10520,23918369,2950
public_SRR14722078_concoct_bin.17.fa,96.99,0.0,,,,,,,,37477,29286468,1157
public_SRR14722080_concoct_merged.0.fa,74.81,0.75,67.5,24.5,0.1,67.4,8.0,1706,ascomycota_odb10,8721,18398308,2689
public_SRR14722080_metabat2_bin.1.fa,84.59,0.0,79.4,17.4,0.4,79.0,3.2,1706,ascomycota_odb10,17019,24278505,1939
public_SRR14722083_concoct_bin.1.fa,83.83,0.0,74.5,20.2,0.2,74.3,5.3,6265,chaetothyriales_odb10,7813,24386104,3881
public_SRR14722084_metabat2_bin.3.fa,92.48,0.38,88.0,9.5,0.4,87.6,2.5,1706,ascomycota_odb10,23888,30286100,1797
public_SRR14722085_metabat2_bin.6.fa,92.48,0.38,88.9,8.1,0.5,88.4,3.0,1706,ascomycota_odb10,23510,27482044,1570
public_SRR14722086_metabat2_bin.14.fa,99.62,0.0,95.8,3.4,0.5,95.3,0.8,1706,ascomycota_odb10,36957,20387402,807
public_SRR14722088_concoct_bin.14.fa,93.98,0.0,88.3,9.2,0.3,88.0,2.5,1706,ascomycota_odb10,29265,29419212,1412
public_SRR14722090_metabat2_bin.14.fa,90.98,0.38,86.3,10.7,0.4,85.9,3.0,1706,ascomycota_odb10,17123,20639300,1529
public_SRR14722092_concoct_merged.0.fa,83.46,0.0,74.9,18.7,0.2,74.7,6.4,1706,ascomycota_odb10,7006,22014185,3791
public_SRR14722094_metabat2_bin.10.fa,92.86,0.38,86.8,11.3,0.2,86.6,1.9,1706,ascomycota_odb10,13155,30521473,2966
public_SRR14722095_metabat2_bin.7.fa,84.59,0.38,78.7,16.9,0.4,78.3,4.4,1706,ascomycota_odb10,11288,20302860,2198
public_SRR14722098_metabat2_bin.9.fa,76.69,0.75,77.2,17.1,0.4,76.8,5.7,1706,ascomycota_odb10,15872,18354405,1647
public_SRR14722099_metabat2_bin.1.fa,86.09,0.38,77.3,16.7,0.4,76.9,6.0,1706,ascomycota_odb10,10990,27164441,3090
public_SRR14722101_metabat2_bin.2.fa,90.98,0.38,85.6,12.2,0.4,85.2,2.2,1706,ascomycota_odb10,16655,26448327,2162
public_SRR14722103_metabat2_bin.2.fa,90.23,0.0,87.2,10.5,0.4,86.8,2.3,1706,ascomycota_odb10,23515,30103970,1791
public_SRR14722106_metabat2_bin.2.fa,93.23,0.0,86.7,10.1,0.6,86.1,3.2,1706,ascomycota_odb10,14550,34593352,3026
public_SRR14722109_metabat2_bin.1.fa,96.62,0.38,91.4,6.9,0.4,91.0,1.7,1706,ascomycota_odb10,19317,31879348,2205
public_SRR14722112_metabat2_bin.8.fa,95.49,0.0,91.1,7.0,0.5,90.6,1.9,1706,ascomycota_odb10,13744,30295613,2794
public_SRR14722113_metabat2_bin.5.fa,94.74,0.38,88.5,9.4,0.5,88.0,2.1,1706,ascomycota_odb10,11621,28726273,3120
public_SRR14722115_concoct_bin.3.fa,94.36,0.0,88.8,8.9,0.5,88.3,2.3,1706,ascomycota_odb10,20354,32421814,2171
public_SRR14722116_metabat2_bin.14.fa,95.11,0.0,90.0,8.1,0.3,89.7,1.9,1706,ascomycota_odb10,20323,33224986,2166
public_SRR14722116_metabat2_bin.5.fa,70.6,1.4,55.9,33.2,0.3,55.6,10.9,1519,chlorophyta_odb10,5977,48859335,9340
public_SRR14722117_metabat2_bin.4.fa,94.74,0.38,87.5,9.3,0.3,87.2,3.2,1706,ascomycota_odb10,20981,28185128,1816
public_SRR14722118_metabat2_bin.5.fa,91.73,0.0,86.0,11.4,0.4,85.6,2.6,1706,ascomycota_odb10,17486,30836631,2264
public_SRR14722119_metabat2_bin.2.fa,89.47,0.38,84.7,12.4,0.3,84.4,2.9,1706,ascomycota_odb10,16216,26086763,2184
public_SRR14722120_metabat2_bin.1.fa,93.98,0.0,88.5,9.4,0.5,88.0,2.1,1706,ascomycota_odb10,18819,33370561,2276
public_SRR14722120_metabat2_bin.4.fa,56.2,1.0,44.5,45.1,0.2,44.3,10.4,1519,chlorophyta_odb10,4794,41796735,9490
public_SRR14722121_metabat2_bin.4.fa,83.83,0.0,80.6,16.9,0.6,80.0,2.5,1706,ascomycota_odb10,21353,24586490,1528
public_SRR14722123_concoct_merged.0.fa,89.85,0.75,87.8,9.8,1.2,86.6,2.4,1706,ascomycota_odb10,11738,20570369,2548
public_SRR14722124_metabat2_bin.8.fa,90.98,0.0,88.3,9.3,0.4,87.9,2.4,1706,ascomycota_odb10,26335,32856029,1755
public_SRR14722125_metabat2_bin.9.fa,90.23,0.38,84.5,13.7,0.7,83.8,1.8,1706,ascomycota_odb10,19572,18294553,1282
public_SRR14722128_metabat2_bin.9.fa,93.98,0.0,91.5,6.0,0.4,91.1,2.5,1706,ascomycota_odb10,28217,30069223,1545
public_SRR14722129_metabat2_bin.3.fa,95.49,0.0,90.2,7.3,0.5,89.7,2.5,1706,ascomycota_odb10,22811,31560669,1942
public_SRR14722130_metabat2_bin.11.fa,89.1,0.0,86.0,11.1,0.1,85.9,2.9,1706,ascomycota_odb10,13756,20107954,1834
public_SRR14722130_metabat2_bin.9.fa,93.23,1.5,89.1,9.3,0.7,88.4,1.6,1706,ascomycota_odb10,16252,32160092,2504
public_SRR14722132_metabat2_bin.8.fa,86.84,0.0,84.2,12.5,0.3,83.9,3.3,1706,ascomycota_odb10,11529,30311807,3290
public_SRR14722133_metabat2_bin.2.fa,93.61,0.0,89.5,8.2,0.5,89.0,2.3,1706,ascomycota_odb10,18237,29167719,2059
public_SRR14722135_concoct_merged.1.fa,89.1,0.0,87.4,9.1,0.4,87.0,3.5,1706,ascomycota_odb10,13337,24805116,2715
public_SRR14722135_metabat2_bin.5.fa,78.72,0.0,72.3,19.5,0.2,72.1,8.2,1519,chlorophyta_odb10,15269,38402819,4229
public_SRR14722135_metabat2_bin.8.fa,78.2,1.88,63.4,26.3,0.4,63.0,10.3,3546,eurotiomycetes_odb10,5962,20236142,3818
public_SRR14722136_concoct_merged.0.fa,86.47,0.38,81.2,13.9,0.5,80.7,4.9,1706,ascomycota_odb10,14862,33799500,3210
public_SRR14722139_metabat2_bin.5.fa,93.61,0.0,87.4,9.8,0.4,87.0,2.8,1706,ascomycota_odb10,14127,32197247,2937
public_SRR14722140_metabat2_bin.5.fa,90.98,0.0,87.5,9.9,0.6,86.9,2.6,1706,ascomycota_odb10,16564,27939376,2188
public_SRR14722141_concoct_bin.2.fa,93.98,0.0,89.5,8.2,0.3,89.2,2.3,1706,ascomycota_odb10,28319,31686946,1533
public_SRR14722143_metabat2_bin.4.fa,92.11,0.0,85.5,12.0,0.2,85.3,2.5,1706,ascomycota_odb10,28944,21986266,1133
public_SRR14722144_metabat2_bin.3.fa,92.48,0.0,87.8,9.4,0.4,87.4,2.8,1706,ascomycota_odb10,16535,29976469,2341
public_SRR14722145_metabat2_bin.10.fa,89.1,0.38,86.8,10.9,0.3,86.5,2.3,1706,ascomycota_odb10,8956,22421455,3001
public_SRR14722147_concoct_bin.2.fa,96.24,0.0,93.9,4.9,0.3,93.6,1.2,1706,ascomycota_odb10,61327,26714181,686
public_SRR14722147_metabat2_bin.1.fa,56.39,0.38,51.8,36.4,0.0,51.8,11.8,255,eukaryota_odb10,4789,15387725,3525
public_SRR14722150_concoct_bin.35.fa,94.36,0.0,88.3,9.9,0.4,87.9,1.8,1706,ascomycota_odb10,27484,28948497,1403
public_SRR14722151_metabat2_bin.3.fa,90.23,0.0,79.6,15.2,0.3,79.3,5.2,1706,ascomycota_odb10,9978,30252234,3677
public_SRR14722152_metabat2_bin.2.fa,65.96,0.0,47.0,44.8,0.3,46.7,8.2,1519,chlorophyta_odb10,4318,28683311,7111
public_SRR14722154_concoct_bin.10.fa,64.29,1.13,50.2,41.3,0.6,49.6,8.5,1706,ascomycota_odb10,5337,15975792,3255
public_SRR14722154_metabat2_bin.3.fa,92.48,0.0,86.7,10.6,0.5,86.2,2.7,1706,ascomycota_odb10,24070,26584174,1536
public_SRR14722157_metabat2_bin.4.fa,90.23,0.0,85.6,10.5,0.5,85.1,3.9,1706,ascomycota_odb10,12140,27451878,2783
public_SRR14722158_metabat2_bin.9.fa,94.74,0.0,89.6,8.2,0.4,89.2,2.2,1706,ascomycota_odb10,25106,27538851,1560
public_SRR14722159_metabat2_bin.7.fa,89.47,1.13,89.6,8.7,0.4,89.2,1.7,1706,ascomycota_odb10,19017,21252951,1468
public_SRR14722160_concoct_bin.3.fa,98.12,0.38,93.3,4.8,0.1,93.2,1.9,1706,ascomycota_odb10,41287,28693197,994
public_SRR14722161_metabat2_bin.6.fa,94.36,0.0,89.2,8.3,0.1,89.1,2.5,1706,ascomycota_odb10,12022,27204928,2884
public_SRR14722163_concoct_bin.11.fa,85.71,0.0,84.0,13.8,0.2,83.8,2.2,1706,ascomycota_odb10,12940,26201316,2756
public_SRR14722164_metabat2_bin.2.fa,86.47,0.38,83.9,13.0,0.3,83.6,3.1,1706,ascomycota_odb10,12186,24197754,2535
public_SRR14722165_concoct_bin.24.fa,99.25,0.0,90.3,7.6,0.1,90.2,2.1,3546,eurotiomycetes_odb10,20198,23394055,1542
public_SRR14722165_concoct_bin.25.fa,92.86,0.0,91.6,6.5,0.5,91.1,1.9,1706,ascomycota_odb10,24106,28485352,1640
public_SRR14722165_metabat2_bin.16.fa,65.79,0.0,59.7,32.2,0.3,59.4,8.1,1706,ascomycota_odb10,7087,16287341,2619
public_SRR14722166_concoct_bin.2.fa,92.86,0.38,88.5,9.4,0.3,88.2,2.1,1706,ascomycota_odb10,20193,32383939,2094
public_SRR14722167_metabat2_bin.4.fa,93.23,0.0,87.6,9.2,0.7,86.9,3.2,1706,ascomycota_odb10,21012,28251889,1758
public_SRR14722168_metabat2_bin.6.fa,92.11,0.0,86.4,10.4,0.4,86.0,3.2,1706,ascomycota_odb10,16434,32739534,2591
public_SRR14722169_metabat2_bin.6.fa,93.23,0.0,87.1,10.1,0.2,86.9,2.8,1706,ascomycota_odb10,14468,30569428,2673
public_SRR14722173_concoct_merged.0.fa,93.98,0.0,87.7,8.6,0.3,87.4,3.7,1706,ascomycota_odb10,13713,33504405,3285
public_SRR14722174_metabat2_bin.2.fa,90.98,0.0,85.1,10.8,0.5,84.6,4.1,1706,ascomycota_odb10,13033,31984326,3105
public_SRR14722176_concoct_bin.30.fa,70.68,0.38,56.2,33.6,0.2,56.0,10.2,3546,eurotiomycetes_odb10,5720,19199543,3859
public_SRR14722176_metabat2_bin.14.fa,96.62,0.38,91.6,6.2,0.2,91.4,2.2,1706,ascomycota_odb10,31845,23205678,1062
public_SRR14722177_concoct_bin.11.fa,95.86,0.38,91.3,7.1,1.1,90.2,1.6,1706,ascomycota_odb10,35716,24200494,1025
public_SRR14722177_concoct_merged.0.fa,72.56,0.75,63.6,31.1,0.4,63.2,5.3,3578,capnodiales_odb10,6918,27302582,4853
public_SRR14722177_metabat2_bin.9.fa,65.96,0.0,44.1,46.3,0.1,44.0,9.6,1519,chlorophyta_odb10,4245,36559424,9182
public_SRR14722181_concoct_bin.15.fa,98.12,0.0,93.8,4.7,0.2,93.6,1.5,1706,ascomycota_odb10,43817,24594840,871
public_SRR14722181_concoct_bin.9.fa,90.23,0.0,83.2,14.1,0.4,82.8,2.7,1706,ascomycota_odb10,18705,23253195,1631
public_SRR14722184_concoct_bin.5.fa,90.98,1.13,83.8,12.3,1.2,82.6,3.9,1706,ascomycota_odb10,17444,30897180,3017
public_SRR14722185_metabat2_bin.2.fa,96.24,0.38,93.1,4.6,0.3,92.8,2.3,1706,ascomycota_odb10,29934,26056273,1354
public_SRR14722188_concoct_bin.30.fa,97.87,0.0,84.7,10.1,0.6,84.1,5.2,1519,chlorophyta_odb10,44392,45054228,1553
public_SRR14722188_metabat2_bin.25.fa,91.73,0.0,89.3,8.3,0.3,89.0,2.4,1706,ascomycota_odb10,26017,24893827,1375
public_SRR14722188_metabat2_bin.28.fa,54.14,0.0,40.2,46.8,0.2,40.0,13.0,1706,ascomycota_odb10,3855,9566273,2558
public_SRR14722197_metabat2_bin.3.fa,87.59,0.0,80.2,15.6,0.2,80.0,4.2,1706,ascomycota_odb10,6947,24423375,4109
public_SRR14722202_metabat2_bin.2.fa,91.35,0.38,86.2,9.1,0.2,86.0,4.7,1706,ascomycota_odb10,17955,24837606,1867
public_SRR14722208_metabat2_bin.1.fa,92.86,0.0,85.9,11.4,0.4,85.5,2.7,1706,ascomycota_odb10,14812,31111827,2633
public_SRR14722210_metabat2_bin.3.fa,93.61,0.38,89.5,7.3,0.3,89.2,3.2,1706,ascomycota_odb10,22258,25182958,1496
public_SRR14722213_concoct_bin.9.fa,80.08,0.0,75.1,21.2,0.4,74.7,3.7,1706,ascomycota_odb10,20479,19589290,1212
public_SRR14722213_metabat2_bin.1.fa,67.67,0.0,58.9,35.0,0.4,58.5,6.1,3578,capnodiales_odb10,6751,24186479,4249
public_SRR14722219_metabat2_bin.6.fa,92.11,0.0,88.1,9.5,0.4,87.7,2.4,1706,ascomycota_odb10,13254,28305125,2707
public_SRR14722222_metabat2_bin.6.fa,96.99,0.38,82.9,12.2,0.3,82.6,4.9,3546,eurotiomycetes_odb10,20894,29161940,1812
public_SRR14722229_concoct_bin.24.fa,95.86,0.0,92.0,6.3,0.4,91.6,1.7,1706,ascomycota_odb10,37460,25156133,950
public_SRR14722230_metabat2_bin.7.fa,85.71,0.0,81.2,15.8,0.1,81.1,3.0,1706,ascomycota_odb10,11914,20537062,2068
public_SRR14722231_metabat2_bin.5.fa,94.74,0.0,89.8,8.1,0.4,89.4,2.1,1706,ascomycota_odb10,24227,25103968,1487
public_SRR14722232_concoct_bin.14.fa,90.6,0.0,85.2,12.9,0.3,84.9,1.9,1706,ascomycota_odb10,15777,23206127,1942
public_SRR14722233_metabat2_bin.15.fa,96.24,0.38,75.1,21.8,0.1,75.0,3.1,3786,dothideomycetes_odb10,38497,24194649,943
public_SRR14722251_metabat2_bin.1.fa,90.6,1.5,86.1,10.7,0.4,85.7,3.2,1706,ascomycota_odb10,13766,23335315,2132
public_SRR14722272_metabat2_bin.6.fa,93.98,0.38,86.3,10.5,0.4,85.9,3.2,1706,ascomycota_odb10,13909,29305370,2761
public_SRR14722274_metabat2_bin.2.fa,93.23,0.0,87.9,9.6,0.4,87.5,2.5,1706,ascomycota_odb10,14873,22070204,2008
public_SRR14722278_concoct_bin.6.fa,90.6,0.0,85.5,11.3,0.7,84.8,3.2,1706,ascomycota_odb10,15623,28696751,2472
public_SRR14722279_metabat2_bin.4.fa,97.37,0.38,93.0,4.9,0.2,92.8,2.1,1706,ascomycota_odb10,23922,27033343,1573
public_SRR14722280_metabat2_bin.4.fa,97.74,0.38,88.7,8.9,0.4,88.3,2.4,3786,dothideomycetes_odb10,41535,28541616,1063
public_SRR14722281_metabat2_bin.1.fa,95.86,0.38,92.3,4.9,0.4,91.9,2.8,1706,ascomycota_odb10,35494,27227520,1170
public_SRR14722288_metabat2_bin.3.fa,95.49,0.0,92.1,6.2,0.5,91.6,1.7,1706,ascomycota_odb10,25581,31578379,1706
public_SRR14722289_concoct_bin.0.fa,92.86,0.0,86.0,11.2,0.5,85.5,2.8,1706,ascomycota_odb10,17803,32608811,2397
public_SRR14722290_metabat2_bin.4.fa,90.23,0.0,85.0,11.0,0.4,84.6,4.0,1706,ascomycota_odb10,19510,28614552,1964
public_SRR14722292_metabat2_bin.5.fa,93.61,0.0,89.5,8.6,0.3,89.2,1.9,1706,ascomycota_odb10,30158,29337773,1370
public_SRR14722293_concoct_bin.15.fa,93.98,0.0,88.4,9.8,0.2,88.2,1.8,1706,ascomycota_odb10,29081,27256336,1294
public_SRR14722294_metabat2_bin.7.fa,94.36,0.0,89.1,8.6,0.2,88.9,2.3,1706,ascomycota_odb10,23698,29218708,1688
public_SRR14722299_metabat2_bin.9.fa,93.61,0.38,88.4,9.1,0.5,87.9,2.5,1706,ascomycota_odb10,26535,29905000,1621
public_SRR14722301_metabat2_bin.5.fa,92.48,0.0,85.5,11.8,0.2,85.3,2.7,1706,ascomycota_odb10,18052,26693721,2005
public_SRR14722302_concoct_merged.0.fa,90.98,0.38,85.0,10.8,0.2,84.8,4.2,1706,ascomycota_odb10,12874,29999525,3065
public_SRR14722304_metabat2_bin.6.fa,91.35,0.0,86.9,10.0,0.1,86.8,3.1,1706,ascomycota_odb10,16168,28412263,2363
public_SRR14722305_metabat2_bin.2.fa,92.86,0.0,86.2,9.9,0.2,86.0,3.9,1706,ascomycota_odb10,15444,30013823,2429
public_SRR14722307_metabat2_bin.5.fa,87.97,0.75,81.8,13.5,0.1,81.7,4.7,1706,ascomycota_odb10,10376,21218329,2580
public_SRR14722308_metabat2_bin.6.fa,90.98,0.38,85.5,11.2,0.4,85.1,3.3,3546,eurotiomycetes_odb10,14301,24619376,2380
public_SRR14722309_metabat2_bin.1.fa,94.74,0.38,,,,,,,,22940,28003477,1640
public_SRR14722310_metabat2_bin.3.fa,91.73,0.0,86.4,10.4,0.4,86.0,3.2,1706,ascomycota_odb10,14073,31840281,2858
public_SRR14722312_concoct_bin.10.fa,92.48,0.0,86.1,11.1,0.1,86.0,2.8,1706,ascomycota_odb10,17468,22566314,1793
public_SRR14722313_metabat2_bin.4.fa,83.46,0.0,82.7,14.4,0.1,82.6,2.9,1706,ascomycota_odb10,17607,28706674,2123
public_SRR14722316_metabat2_bin.4.fa,92.86,0.0,89.0,8.5,0.4,88.6,2.5,1706,ascomycota_odb10,19900,29735595,1939
public_SRR14722318_metabat2_bin.2.fa,94.74,0.38,91.2,6.8,0.5,90.7,2.0,1706,ascomycota_odb10,14994,22746770,1988
public_SRR14722319_metabat2_bin.1.fa,90.98,0.0,86.6,9.9,0.3,86.3,3.5,1706,ascomycota_odb10,21046,28393906,1819
public_SRR14722323_concoct_merged.0.fa,81.58,0.38,77.0,16.9,0.4,76.6,6.1,1706,ascomycota_odb10,10777,29408163,3892
public_SRR14722325_metabat2_bin.1.fa,89.85,0.38,86.3,11.2,0.3,86.0,2.5,1706,ascomycota_odb10,12367,30316057,3005
public_SRR14722327_concoct_bin.11.fa,92.48,0.0,88.4,9.1,0.2,88.2,2.5,1706,ascomycota_odb10,25344,20183082,1211
public_SRR14722330_concoct_merged.0.fa,84.59,0.38,78.3,17.0,0.4,77.9,4.7,1706,ascomycota_odb10,16551,34269597,3085
public_SRR1531517_concoct_bin.16.fa,98.87,0.0,95.2,4.4,0.6,94.6,0.4,1706,ascomycota_odb10,101038,33745127,511
public_SRR1531545_concoct_bin.10.fa,94.74,0.0,92.1,7.3,0.4,91.7,0.6,1706,ascomycota_odb10,63367,29584455,720
public_SRR1531569_concoct_bin.26.fa,97.37,0.38,95.4,3.8,0.5,94.9,0.8,1706,ascomycota_odb10,28694,22991615,1207
public_SRR1532736_concoct_bin.13.fa,84.96,1.5,74.0,22.2,0.9,73.1,3.8,1706,ascomycota_odb10,8368,24935311,3866
public_SRR1532736_concoct_bin.20.fa,56.0,1.2,43.0,46.9,0.3,42.7,10.1,1519,chlorophyta_odb10,3830,35234345,9553
public_SRR2387885_metabat2_bin.15.fa,93.23,1.13,89.4,6.6,0.5,88.9,4.0,1706,ascomycota_odb10,23064,23971264,1413
public_SRR2387885_metabat2_bin.2.fa,93.4,1.0,83.2,11.1,0.4,82.8,5.7,1519,chlorophyta_odb10,17266,52878094,4514
public_SRR5808930_metabat2_bin.9.fa,99.25,0.0,95.5,3.9,0.5,95.0,0.6,1706,ascomycota_odb10,51237,36310671,1083
public_SRR5808932_concoct_bin.35.fa,96.99,0.0,94.6,4.7,0.7,93.9,0.7,1706,ascomycota_odb10,38452,29971438,1194
public_SRR5808932_metabat2_bin.2.fa,87.0,3.2,79.3,14.2,0.5,78.8,6.5,1519,chlorophyta_odb10,11607,53955646,6067
public_SRR7232211_concoct_bin.3.fa,97.37,0.0,91.9,7.7,0.9,91.0,0.4,1706,ascomycota_odb10,143409,32307886,325
public_SRR7232211_concoct_bin.8.fa,94.6,4.0,89.1,7.1,0.8,88.3,3.8,1519,chlorophyta_odb10,32139,58668785,3131
public_SRR7232212_concoct_bin.0.fa,86.4,3.8,86.0,9.0,0.3,85.7,5.0,1519,chlorophyta_odb10,18699,55496273,4621
public_SRR7232212_concoct_bin.12.fa,77.83,0.87,82.6,12.1,0.1,82.5,5.3,1764,basidiomycota_odb10,21918,16983982,1222
public_SRR7232213_concoct_bin.0.fa,88.4,3.8,86.0,9.5,0.5,85.5,4.5,1519,chlorophyta_odb10,22930,55330623,3980
public_SRR7232214_concoct_bin.7.fa,80.0,0.0,78.8,14.8,0.1,78.7,6.4,4284,tremellomycetes_odb10,11408,18330858,2177
public_SRR7232214_concoct_bin.9.fa,89.4,4.6,88.0,8.2,0.5,87.5,3.8,1519,chlorophyta_odb10,21167,55709528,4206
